gi,ei,dsc,def_id,team_id,player_name,year
0022501197,41,Vassell 2' Running Layup (5 PTS),1631124,1610612743,Julian Strawther,2026
0022501197,44,MISS Castle 8' Driving Floating Jump Shot,1631124,1610612743,Julian Strawther,2026
0022501197,67,MISS Fox 10' Turnaround Jump Shot,1631124,1610612743,Julian Strawther,2026
0022501197,79,MISS Castle 11' Pullup Jump Shot,1631124,1610612743,Julian Strawther,2026
0022501197,160,Barnes 12' Pullup Jump Shot (4 PTS),1631124,1610612743,Julian Strawther,2026
0022501197,211,Fox 25' 3PT Jump Shot (8 PTS) (Castle 5 AST),1631124,1610612743,Julian Strawther,2026
0022501197,245,MISS Champagnie 3PT Jump Shot,1631124,1610612743,Julian Strawther,2026
0022501197,257,MISS Castle 8' Pullup Jump Shot,1631124,1610612743,Julian Strawther,2026
0022501197,348,MISS Vassell 25' 3PT Jump Shot,1631124,1610612743,Julian Strawther,2026
0022501197,391,Fox 10' Driving Floating Jump Shot (16 PTS) (Plumlee 1 AST),1631124,1610612743,Julian Strawther,2026
0022501197,472,Castle 27' 3PT Jump Shot (7 PTS) (Bryant 5 AST),1631124,1610612743,Julian Strawther,2026
0022501197,604,Champagnie 2' Running Alley Oop Dunk Shot (7 PTS) (Fox 5 AST),1631124,1610612743,Julian Strawther,2026
0022501197,624,Bryant 4' Driving Layup (13 PTS),1631124,1610612743,Julian Strawther,2026
0022501197,658,MISS Fox 24' 3PT Running Jump Shot,1631124,1610612743,Julian Strawther,2026
0022501197,105,MISS Jokic 5' Cutting Layup Shot,1629640,1610612759,Keldon Johnson,2026
0022501197,118,MISS Jokic 6' Floating Jump Shot,1629640,1610612759,Keldon Johnson,2026
0022501197,133,MISS Strawther 24' 3PT Running Jump Shot,1629640,1610612759,Keldon Johnson,2026
0022501197,135,MISS Roddy Putback Layup,1629640,1610612759,Keldon Johnson,2026
0022501197,159,C. Jones 25' 3PT Pullup Jump Shot (3 PTS),1629640,1610612759,Keldon Johnson,2026
0022501197,428,Strawther 2' Driving Layup (23 PTS) (Nnaji 2 AST),1629640,1610612759,Keldon Johnson,2026
0022501197,434,Pickett 8' Driving Floating Jump Shot (2 PTS),1629640,1610612759,Keldon Johnson,2026
0022501197,464,Roddy 1' Running Layup (6 PTS),1629640,1610612759,Keldon Johnson,2026
0022501197,539,Champagnie BLOCK (1 BLK),1629640,1610612759,Keldon Johnson,2026
0022501197,547,Brown 2' Running Dunk (14 PTS) (Roddy 2 AST),1629640,1610612759,Keldon Johnson,2026
0022501197,551,Valanciunas 6' Jump Shot (12 PTS) (Pickett 5 AST),1629640,1610612759,Keldon Johnson,2026
0022501197,602,MISS Strawther 28' 3PT Pullup Jump Shot,1629640,1610612759,Keldon Johnson,2026
0022501197,653,Roddy Tip Layup Shot (15 PTS),1629640,1610612759,Keldon Johnson,2026
0022501197,5,MISS Jokic 28' 3PT Jump Shot,203486,1610612759,Mason Plumlee,2026
0022501197,233,MISS Valanciunas 18' Jump Shot,203486,1610612759,Mason Plumlee,2026
0022501197,247,MISS Valanciunas 26' 3PT Jump Shot,203486,1610612759,Mason Plumlee,2026
0022501197,251,Valanciunas 14' Jump Shot (6 PTS) (Pickett 2 AST),203486,1610612759,Mason Plumlee,2026
0022501197,255,MISS Valanciunas 26' 3PT Jump Shot,203486,1610612759,Mason Plumlee,2026
0022501197,259,MISS Valanciunas 13' Jump Shot,203486,1610612759,Mason Plumlee,2026
0022501197,322,MISS Jokic 13' Floating Jump Shot,203486,1610612759,Mason Plumlee,2026
0022501197,359,MISS Strawther 10' Driving Floating Jump Shot,203486,1610612759,Mason Plumlee,2026
0022501197,381,MISS Valanciunas 15' Jump Shot,203486,1610612759,Mason Plumlee,2026
0022501197,390,Valanciunas Putback Dunk (8 PTS),203486,1610612759,Mason Plumlee,2026
0022501197,393,MISS Valanciunas 5' Driving Hook Shot,203486,1610612759,Mason Plumlee,2026
0022501197,42,Strawther 2' Driving Finger Roll Layup (5 PTS) (Nnaji 1 AST),1642264,1610612759,Stephon Castle,2026
0022501197,88,MISS Pickett 4' Driving Floating Jump Shot,1642264,1610612759,Stephon Castle,2026
0022501197,90,Jokic Putback Layup (6 PTS),1642264,1610612759,Stephon Castle,2026
0022501197,206,MISS Roddy 3' Driving Layup,1642264,1610612759,Stephon Castle,2026
0022501197,208,MISS Valanciunas Tip Layup Shot,1642264,1610612759,Stephon Castle,2026
0022501197,210,Valanciunas Tip Layup Shot (4 PTS),1642264,1610612759,Stephon Castle,2026
0022501197,223,C. Jones 29' 3PT Jump Shot (9 PTS) (Strawther 2 AST),1642264,1610612759,Stephon Castle,2026
0022501197,240,Strawther 11' Driving Floating Jump Shot (16 PTS) (Valanciunas 2 AST),1642264,1610612759,Stephon Castle,2026
0022501197,346,Strawther 15' Pullup Jump Shot (18 PTS) (Valanciunas 3 AST),1642264,1610612759,Stephon Castle,2026
0022501197,377,T. Jones 3PT Jump Shot (3 PTS) (Strawther 3 AST),1642264,1610612759,Stephon Castle,2026
0022501197,653,Roddy Tip Layup Shot (15 PTS),1642264,1610612759,Stephon Castle,2026
0022501197,19,MISS T. Jones 26' 3PT Jump Shot,1630577,1610612759,Julian Champagnie,2026
0022501197,26,Nnaji 20' Jump Shot (2 PTS) (T. Jones 1 AST),1630577,1610612759,Julian Champagnie,2026
0022501197,288,Jokic 9' Turnaround Jump Shot (17 PTS) (C. Jones 2 AST),1630577,1610612759,Julian Champagnie,2026
0022501197,293,Jokic Tip Layup Shot (19 PTS),1630577,1610612759,Julian Champagnie,2026
0022501197,363,MISS Nnaji 3PT Jump Shot,1630577,1610612759,Julian Champagnie,2026
0022501197,398,Brown 2' Cutting Layup Shot (8 PTS) (Valanciunas 4 AST),1630577,1610612759,Julian Champagnie,2026
0022501197,511,MISS Roddy 2' Driving Layup,1630577,1610612759,Julian Champagnie,2026
0022501197,518,Valanciunas 4' Driving Layup (10 PTS) (Brown 5 AST),1630577,1610612759,Julian Champagnie,2026
0022501197,524,Brown 1' Driving Layup (12 PTS),1630577,1610612759,Julian Champagnie,2026
0022501197,539,Champagnie BLOCK (1 BLK),1630577,1610612759,Julian Champagnie,2026
0022501197,542,Roddy Putback Dunk (8 PTS),1630577,1610612759,Julian Champagnie,2026
0022501197,581,MISS Strawther 26' 3PT Jump Shot,1630577,1610612759,Julian Champagnie,2026
0022501197,590,MISS Strawther 5' Driving Floating Bank Jump Shot,1630577,1610612759,Julian Champagnie,2026
0022501197,7,MISS Castle 3PT Jump Shot,1630192,1610612743,Zeke Nnaji,2026
0022501197,27,MISS Castle 20' Jump Shot,1630192,1610612743,Zeke Nnaji,2026
0022501197,38,Fox 16' Pullup Jump Shot (5 PTS) (Castle 2 AST),1630192,1610612743,Zeke Nnaji,2026
0022501197,46,MISS Champagnie 25' 3PT Jump Shot,1630192,1610612743,Zeke Nnaji,2026
0022501197,361,Castle 3' Running Finger Roll Layup (4 PTS) (Fox 2 AST),1630192,1610612743,Zeke Nnaji,2026
0022501197,365,MISS Champagnie 3PT Jump Shot,1630192,1610612743,Zeke Nnaji,2026
0022501197,397,Harper 3' Driving Layup (6 PTS),1630192,1610612743,Zeke Nnaji,2026
0022501197,441,MISS Harper 3' Driving Layup,1630192,1610612743,Zeke Nnaji,2026
0022501197,443,MISS Harper Tip Layup Shot,1630192,1610612743,Zeke Nnaji,2026
0022501197,446,Johnson 1' Driving Layup (8 PTS) (Bryant 4 AST),1630192,1610612743,Zeke Nnaji,2026
0022501197,583,MISS Fox 25' 3PT Running Jump Shot,1630192,1610612743,Zeke Nnaji,2026
0022501197,596,Johnson 3' Driving Layup (16 PTS) (Vassell 2 AST),1630192,1610612743,Zeke Nnaji,2026
0022501197,642,MISS Bryant 27' 3PT Jump Shot,1630192,1610612743,Zeke Nnaji,2026
0022501197,3,Fox 27' 3PT Jump Shot (3 PTS) (Castle 1 AST),203999,1610612743,Nikola Jokić,2026
0022501197,33,Plumlee 2' Cutting Dunk Shot (2 PTS) (Vassell 1 AST),203999,1610612743,Nikola Jokić,2026
0022501197,76,Biyombo 1' Alley Oop Dunk (2 PTS) (Castle 3 AST),203999,1610612743,Nikola Jokić,2026
0022501197,86,MISS Harper 1' Driving Layup,203999,1610612743,Nikola Jokić,2026
0022501197,111,Barnes 14' Pullup Jump Shot (2 PTS) (Bryant 1 AST),203999,1610612743,Nikola Jokić,2026
0022501197,126,Bryant 25' 3PT Jump Shot (3 PTS) (Harper 1 AST),203999,1610612743,Nikola Jokić,2026
0022501197,158,Bryant 1' Running Dunk (5 PTS),203999,1610612743,Nikola Jokić,2026
0022501197,172,Barnes 2' Driving Layup (6 PTS) (Castle 4 AST),203999,1610612743,Nikola Jokić,2026
0022501197,177,MISS Barnes 26' 3PT Running Jump Shot,203999,1610612743,Nikola Jokić,2026
0022501197,179,MISS Johnson Putback Layup,203999,1610612743,Nikola Jokić,2026
0022501197,185,MISS Fox 26' 3PT Step Back Jump Shot,203999,1610612743,Nikola Jokić,2026
0022501200,51,Avdija 26' 3PT Running Jump Shot (8 PTS) (Holiday 1 AST),1631342,1610612758,Daeqwon Plowden,2026
0022501200,133,MISS Holiday 3PT Step Back Jump Shot,1631342,1610612758,Daeqwon Plowden,2026
0022501200,145,MISS Avdija 2' Driving Layup,1631342,1610612758,Daeqwon Plowden,2026
0022501200,206,Sharpe 2' Cutting Layup Shot (5 PTS) (Holiday 2 AST),1631342,1610612758,Daeqwon Plowden,2026
0022501200,220,Avdija 1' Driving Layup (15 PTS) (Henderson 2 AST),1631342,1610612758,Daeqwon Plowden,2026
0022501200,230,MISS Camara 2' Cutting Layup Shot,1631342,1610612758,Daeqwon Plowden,2026
0022501200,355,MISS Avdija 26' 3PT Jump Shot,1631342,1610612758,Daeqwon Plowden,2026
0022501200,525,MISS Holiday 4' Driving Floating Jump Shot,1631342,1610612758,Daeqwon Plowden,2026
0022501200,528,Clingan Tip Layup Shot (13 PTS),1631342,1610612758,Daeqwon Plowden,2026
0022501200,531,MISS Krejci 2' Running Layup,1631342,1610612758,Daeqwon Plowden,2026
0022501200,538,MISS Holiday 3PT Jump Shot,1631342,1610612758,Daeqwon Plowden,2026
0022501200,558,MISS Clingan 1' Layup,1631342,1610612758,Daeqwon Plowden,2026
0022501200,36,Raynaud 2' Running Alley Oop Layup Shot (5 PTS) (Carter 2 AST),1630166,1610612757,Deni Avdija,2026
0022501200,104,Clifford 16' Turnaround Fadeaway (4 PTS),1630166,1610612757,Deni Avdija,2026
0022501200,257,Plowden 1' Cutting Finger Roll Layup Shot (5 PTS) (Carter 6 AST),1630166,1610612757,Deni Avdija,2026
0022501200,350,Carter 4' Running Pull-Up Jump Shot (3 PTS) (Achiuwa 2 AST),1630166,1610612757,Deni Avdija,2026
0022501200,378,MISS Achiuwa 5' Putback Layup,1630166,1610612757,Deni Avdija,2026
0022501200,413,MISS Clifford 8' Driving Floating Bank Jump Shot,1630166,1610612757,Deni Avdija,2026
0022501200,450,MISS Carter 3' Running Layup,1630166,1610612757,Deni Avdija,2026
0022501197,24,Vassell 26' 3PT Jump Shot (3 PTS) (Champagnie 1 AST),1626145,1610612743,Tyus Jones,2026
0022501197,33,Plumlee 2' Cutting Dunk Shot (2 PTS) (Vassell 1 AST),1626145,1610612743,Tyus Jones,2026
0022501197,83,Harper 8' Driving Floating Jump Shot (2 PTS),1626145,1610612743,Tyus Jones,2026
0022501197,299,MISS Vassell 13' Jump Shot,1626145,1610612743,Tyus Jones,2026
0022501197,307,Vassell 25' 3PT Jump Shot (10 PTS) (Bryant 2 AST),1626145,1610612743,Tyus Jones,2026
0022501197,350,Champagnie Putback Layup (2 PTS),1626145,1610612743,Tyus Jones,2026
0022501197,414,Bryant 2' Driving Dunk (7 PTS),1626145,1610612743,Tyus Jones,2026
