GRID_TYPE,GAME_ID,GAME_EVENT_ID,PLAYER_ID,PLAYER_NAME,TEAM_ID,TEAM_NAME,PERIOD,MINUTES_REMAINING,SECONDS_REMAINING,EVENT_TYPE,ACTION_TYPE,SHOT_TYPE,SHOT_ZONE_BASIC,SHOT_ZONE_AREA,SHOT_ZONE_RANGE,SHOT_DISTANCE,LOC_X,LOC_Y,SHOT_ATTEMPTED_FLAG,SHOT_MADE_FLAG,GAME_DATE,HTM,VTM,SHOT_ID,time,extra,PLAYERS_ON,assisted,season_type,year,DEF_ID,score_margin,DEF_POSITION,DEF_ROLE,D_LEBRON,dsc,OFF_POSITION,OFF_ROLE,O_LEBRON,ASSIST_ID,opp_team,OPP_ID,EVENTNUM
Shot Chart Detail,42500161,7,1630183,Jaden McDaniels,1610612750,Minnesota Timberwolves,1,11,37,Missed Shot,Pullup Jump shot,3PT Field Goal,Above the Break 3,Right Side Center(RC),24+ ft.,26,127,235,1,0,20260418,DEN,MIN,425001617,230,0,203497|203944|1628978|1630162|1630183,0,PS,2026,1627750,0.0,PG,Chaser,-1.5348110549023566,MISS McDaniels 27' 3PT Pullup Jump Shot,PF,Athletic Finisher,-1.5900663152586745,,DEN,1610612743.0,7
Shot Chart Detail,42500161,15,1628978,Donte DiVincenzo,1610612750,Minnesota Timberwolves,1,11,13,Made Shot,Pullup Jump shot,3PT Field Goal,Above the Break 3,Right Side Center(RC),24+ ft.,26,178,191,1,1,20260418,DEN,MIN,4250016115,470,0,203497|203944|1628978|1630162|1630183,1,PS,2026,1631128,1.0,SG,Point of Attack,-0.0009793024083802,DiVincenzo 26' 3PT Pullup Jump Shot (3 PTS) (Gobert 1 AST),SG,Movement Shooter,-0.1013777400144902,203497.0,DEN,1610612743.0,15
Shot Chart Detail,42500161,26,1628978,Donte DiVincenzo,1610612750,Minnesota Timberwolves,1,10,33,Made Shot,Jump Shot,3PT Field Goal,Above the Break 3,Left Side Center(LC),24+ ft.,27,-222,162,1,1,20260418,DEN,MIN,4250016126,870,0,203497|203944|1628978|1630162|1630183,1,PS,2026,203932,2.0,PF,Wing Stopper,-0.6992454115603068,DiVincenzo 27' 3PT Jump Shot (6 PTS) (Edwards 1 AST),SG,Movement Shooter,-0.1013777400144902,1630162.0,DEN,1610612743.0,26
Shot Chart Detail,42500161,30,1630162,Anthony Edwards,1610612750,Minnesota Timberwolves,1,10,12,Missed Shot,Step Back Jump shot,2PT Field Goal,Mid-Range,Center(C),16-24 ft.,23,-21,235,1,0,20260418,DEN,MIN,4250016130,1080,0,203497|203944|1628978|1630162|1630183,0,PS,2026,1629661,2.0,SF,Helper,-0.2852304748086314,MISS Edwards 24' Step Back Jump Shot,SG,Shot Creator,2.364883849706442,,DEN,1610612743.0,30
Shot Chart Detail,42500161,40,1630183,Jaden McDaniels,1610612750,Minnesota Timberwolves,1,9,26,Made Shot,Driving Layup Shot,2PT Field Goal,Restricted Area,Center(C),Less Than 8 ft.,3,33,13,1,1,20260418,DEN,MIN,4250016140,1540,0,203497|203944|1628978|1630162|1630183,1,PS,2026,1627750|203999,6.0,,,,,PF,Athletic Finisher,-1.5900663152586745,1628978.0,DEN,1610612743.0,40
Shot Chart Detail,42500161,50,203944,Julius Randle,1610612750,Minnesota Timberwolves,1,8,54,Made Shot,Fadeaway Jump Shot,2PT Field Goal,Mid-Range,Left Side(L),8-16 ft.,15,-110,111,1,1,20260418,DEN,MIN,4250016150,1860,0,203497|203944|1628978|1630162|1630183,0,PS,2026,203932,5.0,PF,Wing Stopper,-0.6992454115603068,Randle 16' Fadeaway Jumper (2 PTS),PF,Shot Creator,1.1602929479119164,,DEN,1610612743.0,50
Shot Chart Detail,42500161,64,203944,Julius Randle,1610612750,Minnesota Timberwolves,1,7,56,Missed Shot,Fadeaway Jump Shot,2PT Field Goal,Mid-Range,Right Side(R),8-16 ft.,13,137,10,1,0,20260418,DEN,MIN,4250016164,2440,0,203497|203944|1628978|1630162|1630183,0,PS,2026,1629661,4.0,SF,Helper,-0.2852304748086314,MISS Randle 14' Fadeaway Jumper,PF,Shot Creator,1.1602929479119164,,DEN,1610612743.0,64
Shot Chart Detail,42500161,68,1630162,Anthony Edwards,1610612750,Minnesota Timberwolves,1,7,29,Missed Shot,Step Back Jump shot,2PT Field Goal,Mid-Range,Right Side Center(RC),16-24 ft.,19,110,164,1,0,20260418,DEN,MIN,4250016168,2710,0,203497|203944|1628978|1630162|1630183,0,PS,2026,1629661,4.0,SF,Helper,-0.2852304748086314,MISS Edwards 20' Step Back Jump Shot,SG,Shot Creator,2.364883849706442,,DEN,1610612743.0,68
Shot Chart Detail,42500161,76,1630183,Jaden McDaniels,1610612750,Minnesota Timberwolves,1,7,7,Made Shot,Pullup Jump shot,2PT Field Goal,Mid-Range,Right Side Center(RC),16-24 ft.,19,116,152,1,1,20260418,DEN,MIN,4250016176,2930,0,203497|1628978|1629675|1630162|1630183,0,PS,2026,203999,4.0,C,Anchor Big,0.9357439192517852,McDaniels 19' Pullup Jump Shot (8 PTS),PF,Athletic Finisher,-1.5900663152586745,,DEN,1610612743.0,76
Shot Chart Detail,42500161,79,1630183,Jaden McDaniels,1610612750,Minnesota Timberwolves,1,6,55,Made Shot,Running Dunk Shot,2PT Field Goal,Restricted Area,Center(C),Less Than 8 ft.,1,10,5,1,1,20260418,DEN,MIN,4250016179,3050,0,203497|1628978|1629675|1630162|1630183,1,PS,2026,,,,,,,PF,Athletic Finisher,-1.5900663152586745,1629675.0,DEN,1610612743.0,79
Shot Chart Detail,42500161,83,1630162,Anthony Edwards,1610612750,Minnesota Timberwolves,1,6,28,Made Shot,Step Back Jump shot,3PT Field Goal,Above the Break 3,Left Side Center(LC),24+ ft.,27,-184,200,1,1,20260418,DEN,MIN,4250016183,3320,0,203497|1628978|1629675|1630162|1630183,0,PS,2026,1627750,9.0,PG,Chaser,-1.5348110549023566,Edwards 27' 3PT Step Back Jump Shot (3 PTS),SG,Shot Creator,2.364883849706442,,DEN,1610612743.0,83
Shot Chart Detail,42500161,92,1629675,Naz Reid,1610612750,Minnesota Timberwolves,1,5,53,Missed Shot,Driving Floating Jump Shot,2PT Field Goal,In The Paint (Non-RA),Center(C),8-16 ft.,10,15,104,1,0,20260418,DEN,MIN,4250016192,3670,0,203497|1628978|1629675|1630162|1630183,0,PS,2026,203999,9.0,C,Anchor Big,0.9357439192517852,MISS Reid 11' Driving Floating Jump Shot,C,Movement Shooter,-0.0562391500311225,,DEN,1610612743.0,92
Shot Chart Detail,42500161,94,1630162,Anthony Edwards,1610612750,Minnesota Timberwolves,1,5,40,Made Shot,Driving Finger Roll Layup Shot,2PT Field Goal,Restricted Area,Center(C),Less Than 8 ft.,3,-13,28,1,1,20260418,DEN,MIN,4250016194,3800,0,203497|1628978|1629675|1630162|1630183,0,PS,2026,203932,11.0,PF,Wing Stopper,-0.6992454115603068,Edwards 3' Driving Finger Roll Layup (5 PTS),SG,Shot Creator,2.364883849706442,,DEN,1610612743.0,94
Shot Chart Detail,42500161,107,203497,Rudy Gobert,1610612750,Minnesota Timberwolves,1,4,45,Made Shot,Cutting Dunk Shot,2PT Field Goal,Restricted Area,Center(C),Less Than 8 ft.,0,5,8,1,1,20260418,DEN,MIN,42500161107,4350,0,203497|1629675|1630162|1630183|1630245,1,PS,2026,203932,10.0,PF,Wing Stopper,-0.6992454115603068,Gobert 1' Cutting Dunk Shot (2 PTS) (Edwards 2 AST),C,Roll + Cut Big,-0.8323184861176893,1630162.0,DEN,1610612743.0,107
Shot Chart Detail,42500161,111,1629675,Naz Reid,1610612750,Minnesota Timberwolves,1,4,26,Made Shot,Running Dunk Shot,2PT Field Goal,Restricted Area,Center(C),Less Than 8 ft.,2,12,16,1,1,20260418,DEN,MIN,42500161111,4540,0,203497|1629675|1630162|1630183|1630245,1,PS,2026,203932,12.0,PF,Wing Stopper,-0.6992454115603068,Reid 2' Running Dunk (2 PTS) (Dosunmu 1 AST),C,Movement Shooter,-0.0562391500311225,1630245.0,DEN,1610612743.0,111
Shot Chart Detail,42500161,116,1630245,Ayo Dosunmu,1610612750,Minnesota Timberwolves,1,3,50,Missed Shot,Jump Shot,3PT Field Goal,Above the Break 3,Center(C),24+ ft.,30,5,302,1,0,20260418,DEN,MIN,42500161116,4900,0,203497|1629675|1630162|1630183|1630245,0,PS,2026,1631128|1627750,9.0,,,,,SG,Primary Ball Handler,-0.1102469015304618,,DEN,1610612743.0,116
Shot Chart Detail,42500161,120,1629675,Naz Reid,1610612750,Minnesota Timberwolves,1,3,24,Missed Shot,Driving Floating Bank Jump Shot,2PT Field Goal,In The Paint (Non-RA),Center(C),Less Than 8 ft.,5,-37,41,1,0,20260418,DEN,MIN,42500161120,5160,0,203497|1629675|1630162|1630183|1630245,0,PS,2026,203932|203999,7.0,,,,,C,Movement Shooter,-0.0562391500311225,,DEN,1610612743.0,120
Shot Chart Detail,42500161,124,1630183,Jaden McDaniels,1610612750,Minnesota Timberwolves,1,3,8,Missed Shot,Fadeaway Jump Shot,2PT Field Goal,Mid-Range,Right Side(R),8-16 ft.,13,125,43,1,0,20260418,DEN,MIN,42500161124,5320,0,203497|1629675|1630162|1630183|1630245,0,PS,2026,1627750|203999,7.0,,,,,PF,Athletic Finisher,-1.5900663152586745,,DEN,1610612743.0,124
Shot Chart Detail,42500161,128,1630245,Ayo Dosunmu,1610612750,Minnesota Timberwolves,1,2,39,Made Shot,Jump Shot,3PT Field Goal,Left Corner 3,Left Side(L),24+ ft.,24,-239,36,1,1,20260418,DEN,MIN,42500161128,5610,0,203497|1629675|1630162|1630183|1630245,1,PS,2026,203501,8.0,SG,Chaser,-1.2577100654646465,Dosunmu 24' 3PT Jump Shot (3 PTS) (Reid 2 AST),SG,Primary Ball Handler,-0.1102469015304618,1629675.0,DEN,1610612743.0,128
Shot Chart Detail,42500161,152,1630245,Ayo Dosunmu,1610612750,Minnesota Timberwolves,1,1,44,Missed Shot,Pullup Jump shot,3PT Field Goal,Above the Break 3,Left Side Center(LC),24+ ft.,28,-142,242,1,0,20260418,DEN,MIN,42500161152,6160,0,201144|203937|1629675|1630245|1630538,0,PS,2026,,,,,,,SG,Primary Ball Handler,-0.1102469015304618,,DEN,1610612743.0,152
Shot Chart Detail,42500161,167,1630538,Bones Hyland,1610612750,Minnesota Timberwolves,1,1,8,Missed Shot,Step Back Jump shot,3PT Field Goal,Above the Break 3,Left Side Center(LC),24+ ft.,29,-158,246,1,0,20260418,DEN,MIN,42500161167,6520,0,201144|203937|1629675|1630245|1630538,0,PS,2026,1628971,8.0,SG,Point of Attack,0.148948324007754,MISS Hyland 29' 3PT Step Back Jump Shot,PG,Primary Ball Handler,1.4768539178096776,,DEN,1610612743.0,167
Shot Chart Detail,42500161,171,1630245,Ayo Dosunmu,1610612750,Minnesota Timberwolves,1,0,53,Made Shot,Running Layup Shot,2PT Field Goal,Restricted Area,Center(C),Less Than 8 ft.,2,4,20,1,1,20260418,DEN,MIN,42500161171,6670,0,201144|203937|1629675|1630245|1630538,1,PS,2026,,,,,,,SG,Primary Ball Handler,-0.1102469015304618,201144.0,DEN,1610612743.0,171
Shot Chart Detail,42500161,176,1629675,Naz Reid,1610612750,Minnesota Timberwolves,1,0,19,Missed Shot,Turnaround Bank Hook Shot,2PT Field Goal,In The Paint (Non-RA),Center(C),Less Than 8 ft.,7,-69,21,1,0,20260418,DEN,MIN,42500161176,7010,0,201144|203937|1629675|1630245|1630538,0,PS,2026,1629661,10.0,SF,Helper,-0.2852304748086314,MISS Reid 7' Turnaround Bank Hook Shot,C,Movement Shooter,-0.0562391500311225,,DEN,1610612743.0,176
Shot Chart Detail,42500161,191,1630538,Bones Hyland,1610612750,Minnesota Timberwolves,2,11,17,Missed Shot,Driving Layup Shot,2PT Field Goal,Restricted Area,Center(C),Less Than 8 ft.,2,17,23,1,0,20260418,DEN,MIN,42500161191,7630,0,201144|203497|1629675|1630245|1630538,0,PS,2026,1628971|202685,7.0,,,,,PG,Primary Ball Handler,1.4768539178096776,,DEN,1610612743.0,191
Shot Chart Detail,42500161,194,1629675,Naz Reid,1610612750,Minnesota Timberwolves,2,10,56,Made Shot,Step Back Jump shot,3PT Field Goal,Above the Break 3,Center(C),24+ ft.,27,-45,275,1,1,20260418,DEN,MIN,42500161194,7840,0,201144|203497|1629675|1630245|1630538,0,PS,2026,202685,10.0,C,Anchor Big,0.0840131421671655,Reid 28' 3PT Step Back Jump Shot (5 PTS),C,Movement Shooter,-0.0562391500311225,,DEN,1610612743.0,194
Shot Chart Detail,42500161,207,1630538,Bones Hyland,1610612750,Minnesota Timberwolves,2,9,46,Missed Shot,Driving Layup Shot,2PT Field Goal,Restricted Area,Center(C),Less Than 8 ft.,3,28,13,1,0,20260418,DEN,MIN,42500161207,8540,0,201144|203497|1629675|1630245|1630538,0,PS,2026,1628971,7.0,SG,Point of Attack,0.148948324007754,MISS Hyland 3' Driving Layup,PG,Primary Ball Handler,1.4768539178096776,,DEN,1610612743.0,207
Shot Chart Detail,42500161,209,203497,Rudy Gobert,1610612750,Minnesota Timberwolves,2,9,44,Made Shot,Tip Layup Shot,2PT Field Goal,Restricted Area,Center(C),Less Than 8 ft.,0,0,0,1,1,20260418,DEN,MIN,42500161209,8560,0,201144|203497|1629675|1630245|1630538,0,PS,2026,202685,9.0,C,Anchor Big,0.0840131421671655,Gobert Tip Layup Shot (4 PTS),C,Roll + Cut Big,-0.8323184861176893,,DEN,1610612743.0,209
Shot Chart Detail,42500161,211,203497,Rudy Gobert,1610612750,Minnesota Timberwolves,2,9,3,Missed Shot,Floating Jump shot,2PT Field Goal,In The Paint (Non-RA),Center(C),8-16 ft.,12,9,128,1,0,20260418,DEN,MIN,42500161211,8970,0,201144|203497|1629675|1630245|1630538,0,PS,2026,202685,7.0,C,Anchor Big,0.0840131421671655,MISS Gobert 13' Floating Jump Shot,C,Roll + Cut Big,-0.8323184861176893,,DEN,1610612743.0,211
Shot Chart Detail,42500161,223,203497,Rudy Gobert,1610612750,Minnesota Timberwolves,2,8,29,Made Shot,Cutting Layup Shot,2PT Field Goal,Restricted Area,Center(C),Less Than 8 ft.,2,21,10,1,1,20260418,DEN,MIN,42500161223,9310,0,201144|203497|203944|1628978|1630245,1,PS,2026,202685,6.0,C,Anchor Big,0.0840131421671655,Gobert 2' Cutting Layup Shot (6 PTS) (Conley 2 AST),C,Roll + Cut Big,-0.8323184861176893,201144.0,DEN,1610612743.0,223
Shot Chart Detail,42500161,230,1630245,Ayo Dosunmu,1610612750,Minnesota Timberwolves,2,8,1,Made Shot,Pullup Jump shot,3PT Field Goal,Above the Break 3,Left Side Center(LC),24+ ft.,27,-127,249,1,1,20260418,DEN,MIN,42500161230,9590,0,201144|203497|203944|1628978|1630245,0,PS,2026,202685,7.0,C,Anchor Big,0.0840131421671655,Dosunmu 28' 3PT Pullup Jump Shot (9 PTS),SG,Primary Ball Handler,-0.1102469015304618,,DEN,1610612743.0,230
Shot Chart Detail,42500161,241,203944,Julius Randle,1610612750,Minnesota Timberwolves,2,7,26,Missed Shot,Pullup Jump shot,2PT Field Goal,Mid-Range,Left Side(L),16-24 ft.,17,-148,86,1,0,20260418,DEN,MIN,42500161241,9940,0,203497|203944|1628978|1630183|1630245,0,PS,2026,202685,5.0,C,Anchor Big,0.0840131421671655,MISS Randle 17' Pullup Jump Shot,PF,Shot Creator,1.1602929479119164,,DEN,1610612743.0,241
Shot Chart Detail,42500161,253,1630162,Anthony Edwards,1610612750,Minnesota Timberwolves,2,6,55,Missed Shot,Pullup Jump shot,3PT Field Goal,Above the Break 3,Center(C),24+ ft.,27,34,268,1,0,20260418,DEN,MIN,42500161253,10250,0,203944|1628978|1629675|1630162|1630183,0,PS,2026,1642461,3.0,SF,Wing Stopper,0.5861278507282353,MISS Edwards 27' 3PT Pullup Jump Shot,SG,Shot Creator,2.364883849706442,,DEN,1610612743.0,253
Shot Chart Detail,42500161,259,1630162,Anthony Edwards,1610612750,Minnesota Timberwolves,2,6,27,Made Shot,Driving Layup Shot,2PT Field Goal,Restricted Area,Center(C),Less Than 8 ft.,3,-34,16,1,1,20260418,DEN,MIN,42500161259,10530,0,203944|1628978|1629675|1630162|1630183,1,PS,2026,1628971|203999,5.0,,,,,SG,Shot Creator,2.364883849706442,1630183.0,DEN,1610612743.0,259
Shot Chart Detail,42500161,270,203944,Julius Randle,1610612750,Minnesota Timberwolves,2,5,33,Missed Shot,Step Back Jump shot,3PT Field Goal,Above the Break 3,Left Side Center(LC),24+ ft.,26,-121,233,1,0,20260418,DEN,MIN,42500161270,11070,0,203944|1628978|1629675|1630162|1630183,0,PS,2026,203999,5.0,C,Anchor Big,0.9357439192517852,MISS Randle 26' 3PT Step Back Jump Shot,PF,Shot Creator,1.1602929479119164,,DEN,1610612743.0,270
Shot Chart Detail,42500161,274,203944,Julius Randle,1610612750,Minnesota Timberwolves,2,4,58,Missed Shot,Step Back Jump shot,3PT Field Goal,Above the Break 3,Right Side Center(RC),24+ ft.,27,178,212,1,0,20260418,DEN,MIN,42500161274,11420,0,203944|1628978|1629675|1630162|1630183,0,PS,2026,1629661,2.0,SF,Helper,-0.2852304748086314,MISS Randle 28' 3PT Step Back Jump Shot,PF,Shot Creator,1.1602929479119164,,DEN,1610612743.0,274
Shot Chart Detail,42500161,294,1630162,Anthony Edwards,1610612750,Minnesota Timberwolves,2,3,59,Made Shot,Driving Layup Shot,2PT Field Goal,Restricted Area,Center(C),Less Than 8 ft.,3,-33,7,1,1,20260418,DEN,MIN,42500161294,12010,0,203497|203944|1628978|1630162|1630183,0,PS,2026,1629661|203999,1.0,,,,,SG,Shot Creator,2.364883849706442,,DEN,1610612743.0,294
Shot Chart Detail,42500161,297,1630162,Anthony Edwards,1610612750,Minnesota Timberwolves,2,3,17,Missed Shot,Step Back Jump shot,3PT Field Goal,Above the Break 3,Left Side Center(LC),24+ ft.,26,-199,178,1,0,20260418,DEN,MIN,42500161297,12430,0,203497|203944|1628978|1630162|1630183,0,PS,2026,1629661,1.0,SF,Helper,-0.2852304748086314,MISS Edwards 27' 3PT Step Back Jump Shot,SG,Shot Creator,2.364883849706442,,DEN,1610612743.0,297
Shot Chart Detail,42500161,303,203944,Julius Randle,1610612750,Minnesota Timberwolves,2,2,37,Made Shot,Turnaround Hook Shot,2PT Field Goal,In The Paint (Non-RA),Center(C),Less Than 8 ft.,6,-17,60,1,1,20260418,DEN,MIN,42500161303,12830,0,203497|203944|1628978|1630162|1630183,0,PS,2026,1642461,3.0,SF,Wing Stopper,0.5861278507282353,Randle 6' Turnaround Hook Shot (6 PTS),PF,Shot Creator,1.1602929479119164,,DEN,1610612743.0,303
Shot Chart Detail,42500161,306,203944,Julius Randle,1610612750,Minnesota Timberwolves,2,2,4,Missed Shot,Step Back Jump shot,3PT Field Goal,Above the Break 3,Right Side Center(RC),24+ ft.,24,156,191,1,0,20260418,DEN,MIN,42500161306,13160,0,203497|203944|1628978|1630162|1630183,0,PS,2026,1642461,0.0,SF,Wing Stopper,0.5861278507282353,MISS Randle 25' 3PT Step Back Jump Shot,PF,Shot Creator,1.1602929479119164,,DEN,1610612743.0,306
Shot Chart Detail,42500161,314,203497,Rudy Gobert,1610612750,Minnesota Timberwolves,2,1,44,Made Shot,Cutting Layup Shot,2PT Field Goal,In The Paint (Non-RA),Center(C),Less Than 8 ft.,4,4,48,1,1,20260418,DEN,MIN,42500161314,13360,0,203497|1628978|1630162|1630183|1630245,1,PS,2026,1642461,0.0,SF,Wing Stopper,0.5861278507282353,Gobert 5' Cutting Layup Shot (8 PTS) (McDaniels 2 AST),C,Roll + Cut Big,-0.8323184861176893,1630183.0,DEN,1610612743.0,314
Shot Chart Detail,42500161,317,1630183,Jaden McDaniels,1610612750,Minnesota Timberwolves,2,1,10,Made Shot,Driving Reverse Layup Shot,2PT Field Goal,Restricted Area,Center(C),Less Than 8 ft.,3,37,11,1,1,20260418,DEN,MIN,42500161317,13700,0,203497|1628978|1630162|1630183|1630245,1,PS,2026,1629661,0.0,SF,Helper,-0.2852304748086314,McDaniels 4' Driving Reverse Layup (12 PTS) (Edwards 3 AST),PF,Athletic Finisher,-1.5900663152586745,1630162.0,DEN,1610612743.0,317
Shot Chart Detail,42500161,323,1628978,Donte DiVincenzo,1610612750,Minnesota Timberwolves,2,0,34,Made Shot,Step Back Jump shot,3PT Field Goal,Right Corner 3,Right Side(R),24+ ft.,24,233,76,1,1,20260418,DEN,MIN,42500161323,14060,0,203497|1628978|1630162|1630183|1630245,1,PS,2026,1627750|203999,1.0,,,,,SG,Movement Shooter,-0.1013777400144902,1630162.0,DEN,1610612743.0,323
Shot Chart Detail,42500161,327,203497,Rudy Gobert,1610612750,Minnesota Timberwolves,2,0,5,Made Shot,Driving Layup Shot,2PT Field Goal,In The Paint (Non-RA),Center(C),Less Than 8 ft.,4,-12,44,1,1,20260418,DEN,MIN,42500161327,14350,0,203497|1628978|1630162|1630183|1630245,1,PS,2026,1627750,0.0,PG,Chaser,-1.5348110549023566,Gobert 5' Driving Layup (10 PTS) (Edwards 5 AST),C,Roll + Cut Big,-0.8323184861176893,1630162.0,DEN,1610612743.0,327
Shot Chart Detail,42500161,345,1630162,Anthony Edwards,1610612750,Minnesota Timberwolves,3,11,20,Missed Shot,Pullup Jump shot,3PT Field Goal,Above the Break 3,Right Side Center(RC),24+ ft.,27,108,255,1,0,20260418,DEN,MIN,42500161345,14800,0,203497|203944|1628978|1630162|1630183,0,PS,2026,203999,-2.0,C,Anchor Big,0.9357439192517852,MISS Edwards 28' 3PT Pullup Jump Shot,SG,Shot Creator,2.364883849706442,,DEN,1610612743.0,345
Shot Chart Detail,42500161,349,203944,Julius Randle,1610612750,Minnesota Timberwolves,3,11,3,Missed Shot,Driving Finger Roll Layup Shot,2PT Field Goal,In The Paint (Non-RA),Center(C),Less Than 8 ft.,5,48,29,1,0,20260418,DEN,MIN,42500161349,14970,0,203497|203944|1628978|1630162|1630183,0,PS,2026,203999,-2.0,C,Anchor Big,0.9357439192517852,MISS Randle 6' Driving Finger Roll Layup,PF,Shot Creator,1.1602929479119164,,DEN,1610612743.0,349
Shot Chart Detail,42500161,353,1628978,Donte DiVincenzo,1610612750,Minnesota Timberwolves,3,10,48,Missed Shot,Pullup Jump shot,2PT Field Goal,In The Paint (Non-RA),Center(C),8-16 ft.,11,-28,114,1,0,20260418,DEN,MIN,42500161353,15120,0,203497|203944|1628978|1630162|1630183,0,PS,2026,203932,-2.0,PF,Wing Stopper,-0.6992454115603068,MISS DiVincenzo 12' Pullup Jump Shot,SG,Movement Shooter,-0.1013777400144902,,DEN,1610612743.0,353
Shot Chart Detail,42500161,368,1630162,Anthony Edwards,1610612750,Minnesota Timberwolves,3,9,31,Missed Shot,Step Back Jump shot,3PT Field Goal,Above the Break 3,Right Side Center(RC),24+ ft.,25,83,243,1,0,20260418,DEN,MIN,42500161368,15890,0,203497|203944|1628978|1630162|1630183,0,PS,2026,203932,-5.0,PF,Wing Stopper,-0.6992454115603068,MISS Edwards 26' 3PT Step Back Jump Shot,SG,Shot Creator,2.364883849706442,,DEN,1610612743.0,368
Shot Chart Detail,42500161,372,203944,Julius Randle,1610612750,Minnesota Timberwolves,3,9,2,Missed Shot,Driving Floating Jump Shot,2PT Field Goal,Restricted Area,Center(C),Less Than 8 ft.,3,-7,37,1,0,20260418,DEN,MIN,42500161372,16180,0,203497|203944|1628978|1630162|1630183,0,PS,2026,1631128,-5.0,SG,Point of Attack,-0.0009793024083802,MISS Randle 4' Driving Floating Jump Shot,PF,Shot Creator,1.1602929479119164,,DEN,1610612743.0,372
Shot Chart Detail,42500161,375,1630183,Jaden McDaniels,1610612750,Minnesota Timberwolves,3,8,54,Missed Shot,Pullup Jump shot,3PT Field Goal,Above the Break 3,Center(C),24+ ft.,27,66,268,1,0,20260418,DEN,MIN,42500161375,16260,0,203497|203944|1628978|1630162|1630183,0,PS,2026,1629661,-5.0,SF,Helper,-0.2852304748086314,MISS McDaniels 28' 3PT Pullup Jump Shot,PF,Athletic Finisher,-1.5900663152586745,,DEN,1610612743.0,375
Shot Chart Detail,42500161,379,1630162,Anthony Edwards,1610612750,Minnesota Timberwolves,3,8,36,Missed Shot,Running Layup Shot,2PT Field Goal,Restricted Area,Center(C),Less Than 8 ft.,3,-31,8,1,0,20260418,DEN,MIN,42500161379,16440,0,203497|203944|1628978|1630162|1630183,0,PS,2026,1627750,-5.0,PG,Chaser,-1.5348110549023566,MISS Edwards 3' Running Layup,SG,Shot Creator,2.364883849706442,,DEN,1610612743.0,379
Shot Chart Detail,42500161,381,203944,Julius Randle,1610612750,Minnesota Timberwolves,3,8,35,Made Shot,Tip Layup Shot,2PT Field Goal,Restricted Area,Center(C),Less Than 8 ft.,0,0,0,1,1,20260418,DEN,MIN,42500161381,16450,0,203497|203944|1628978|1630162|1630183,0,PS,2026,203932|1627750,-3.0,,,,,PF,Shot Creator,1.1602929479119164,,DEN,1610612743.0,381
Shot Chart Detail,42500161,384,1628978,Donte DiVincenzo,1610612750,Minnesota Timberwolves,3,8,15,Made Shot,Running Pull-Up Jump Shot,3PT Field Goal,Above the Break 3,Right Side Center(RC),24+ ft.,26,138,230,1,1,20260418,DEN,MIN,42500161384,16650,0,203497|203944|1628978|1630162|1630183,1,PS,2026,203999,0.0,C,Anchor Big,0.9357439192517852,DiVincenzo 27' 3PT Running Pull-Up Jump Shot (12 PTS) (McDaniels 3 AST),SG,Movement Shooter,-0.1013777400144902,1630183.0,DEN,1610612743.0,384
Shot Chart Detail,42500161,387,1630162,Anthony Edwards,1610612750,Minnesota Timberwolves,3,7,37,Missed Shot,Pullup Jump shot,2PT Field Goal,Mid-Range,Left Side Center(LC),16-24 ft.,18,-107,155,1,0,20260418,DEN,MIN,42500161387,17030,0,203497|203944|1628978|1630162|1630183,0,PS,2026,203932,0.0,PF,Wing Stopper,-0.6992454115603068,MISS Edwards 19' Pullup Jump Shot,SG,Shot Creator,2.364883849706442,,DEN,1610612743.0,387
Shot Chart Detail,42500161,391,1628978,Donte DiVincenzo,1610612750,Minnesota Timberwolves,3,7,23,Missed Shot,Pullup Jump shot,3PT Field Goal,Above the Break 3,Right Side Center(RC),24+ ft.,27,191,197,1,0,20260418,DEN,MIN,42500161391,17170,0,203497|203944|1628978|1630162|1630183,0,PS,2026,203999,-2.0,C,Anchor Big,0.9357439192517852,MISS DiVincenzo 27' 3PT Pullup Jump Shot,SG,Movement Shooter,-0.1013777400144902,,DEN,1610612743.0,391
Shot Chart Detail,42500161,396,203944,Julius Randle,1610612750,Minnesota Timberwolves,3,6,57,Missed Shot,Driving Layup Shot,2PT Field Goal,In The Paint (Non-RA),Center(C),Less Than 8 ft.,5,-49,14,1,0,20260418,DEN,MIN,42500161396,17430,0,203497|203944|1628978|1630162|1630183,0,PS,2026,203932|1631128,-4.0,,,,,PF,Shot Creator,1.1602929479119164,,DEN,1610612743.0,396
Shot Chart Detail,42500161,408,1630183,Jaden McDaniels,1610612750,Minnesota Timberwolves,3,6,33,Missed Shot,Driving Floating Jump Shot,2PT Field Goal,In The Paint (Non-RA),Center(C),8-16 ft.,9,-10,96,1,0,20260418,DEN,MIN,42500161408,17670,0,203497|1628978|1629675|1630162|1630183,0,PS,2026,203999,-7.0,C,Anchor Big,0.9357439192517852,MISS McDaniels 10' Driving Floating Jump Shot,PF,Athletic Finisher,-1.5900663152586745,,DEN,1610612743.0,408
Shot Chart Detail,42500161,415,1628978,Donte DiVincenzo,1610612750,Minnesota Timberwolves,3,6,3,Missed Shot,Driving Floating Jump Shot,2PT Field Goal,In The Paint (Non-RA),Center(C),Less Than 8 ft.,7,-48,61,1,0,20260418,DEN,MIN,42500161415,17970,0,203497|1628978|1629675|1630162|1630183,0,PS,2026,1627750,-9.0,PG,Chaser,-1.5348110549023566,MISS DiVincenzo 8' Driving Floating Jump Shot,SG,Movement Shooter,-0.1013777400144902,,DEN,1610612743.0,415
Shot Chart Detail,42500161,425,1630183,Jaden McDaniels,1610612750,Minnesota Timberwolves,3,5,15,Missed Shot,Turnaround Jump Shot,2PT Field Goal,In The Paint (Non-RA),Center(C),Less Than 8 ft.,5,1,53,1,0,20260418,DEN,MIN,42500161425,18450,0,203497|1628978|1629675|1630183|1630245,0,PS,2026,1631128,-9.0,SG,Point of Attack,-0.0009793024083802,MISS McDaniels 5' Turnaround Jump Shot,PF,Athletic Finisher,-1.5900663152586745,,DEN,1610612743.0,425
Shot Chart Detail,42500161,444,1630183,Jaden McDaniels,1610612750,Minnesota Timberwolves,3,4,32,Missed Shot,Pullup Jump shot,3PT Field Goal,Above the Break 3,Right Side Center(RC),24+ ft.,26,105,246,1,0,20260418,DEN,MIN,42500161444,18880,0,201144|203937|1629675|1630183|1630245,0,PS,2026,203999,-12.0,C,Anchor Big,0.9357439192517852,MISS McDaniels 27' 3PT Pullup Jump Shot,PF,Athletic Finisher,-1.5900663152586745,,DEN,1610612743.0,444
Shot Chart Detail,42500161,449,1629675,Naz Reid,1610612750,Minnesota Timberwolves,3,4,8,Missed Shot,Pullup Jump shot,3PT Field Goal,Above the Break 3,Right Side Center(RC),24+ ft.,26,146,224,1,0,20260418,DEN,MIN,42500161449,19120,0,201144|203937|1629675|1630183|1630245,0,PS,2026,203932,-14.0,PF,Wing Stopper,-0.6992454115603068,MISS Reid 27' 3PT Pullup Jump Shot,C,Movement Shooter,-0.0562391500311225,,DEN,1610612743.0,449
Shot Chart Detail,42500161,451,1630183,Jaden McDaniels,1610612750,Minnesota Timberwolves,3,3,58,Missed Shot,Layup Shot,2PT Field Goal,In The Paint (Non-RA),Center(C),Less Than 8 ft.,5,-45,26,1,0,20260418,DEN,MIN,42500161451,19220,0,201144|203937|1629675|1630183|1630245,0,PS,2026,203999|203501,-14.0,,,,,PF,Athletic Finisher,-1.5900663152586745,,DEN,1610612743.0,451
Shot Chart Detail,42500161,454,1630183,Jaden McDaniels,1610612750,Minnesota Timberwolves,3,3,56,Made Shot,Turnaround Jump Shot,2PT Field Goal,In The Paint (Non-RA),Center(C),Less Than 8 ft.,5,9,53,1,1,20260418,DEN,MIN,42500161454,19240,0,201144|203937|1629675|1630183|1630245,0,PS,2026,203999,-12.0,C,Anchor Big,0.9357439192517852,McDaniels 5' Turnaround Jump Shot (14 PTS),PF,Athletic Finisher,-1.5900663152586745,,DEN,1610612743.0,454
Shot Chart Detail,42500161,462,1630183,Jaden McDaniels,1610612750,Minnesota Timberwolves,3,3,15,Made Shot,Driving Layup Shot,2PT Field Goal,Restricted Area,Center(C),Less Than 8 ft.,2,-18,22,1,1,20260418,DEN,MIN,42500161462,19650,0,201144|203937|1629675|1630183|1630245,0,PS,2026,1628971,-13.0,SG,Point of Attack,0.148948324007754,McDaniels 3' Driving Layup (16 PTS),PF,Athletic Finisher,-1.5900663152586745,,DEN,1610612743.0,462
Shot Chart Detail,42500161,497,1630162,Anthony Edwards,1610612750,Minnesota Timberwolves,3,1,16,Made Shot,Driving Layup Shot,2PT Field Goal,In The Paint (Non-RA),Center(C),Less Than 8 ft.,4,40,10,1,1,20260418,DEN,MIN,42500161497,20840,0,201144|203937|203944|1630162|1630245,0,PS,2026,203501,-13.0,SG,Chaser,-1.2577100654646465,Edwards 4' Driving Layup (15 PTS),SG,Shot Creator,2.364883849706442,,DEN,1610612743.0,497
Shot Chart Detail,42500161,500,201144,Mike Conley,1610612750,Minnesota Timberwolves,3,0,42,Made Shot,Jump Shot,3PT Field Goal,Left Corner 3,Left Side(L),24+ ft.,23,-235,0,1,1,20260418,DEN,MIN,42500161500,21180,0,201144|203937|203944|1630162|1630245,1,PS,2026,,,,,,,PG,Primary Ball Handler,-0.8773758849294087,1630162.0,DEN,1610612743.0,500
Shot Chart Detail,42500161,504,1630245,Ayo Dosunmu,1610612750,Minnesota Timberwolves,3,0,26,Missed Shot,Running Jump Shot,3PT Field Goal,Above the Break 3,Right Side Center(RC),24+ ft.,26,150,220,1,0,20260418,DEN,MIN,42500161504,21340,0,201144|203937|203944|1630162|1630245,0,PS,2026,,,,,,,SG,Primary Ball Handler,-0.1102469015304618,,DEN,1610612743.0,504
Shot Chart Detail,42500161,524,1630162,Anthony Edwards,1610612750,Minnesota Timberwolves,4,11,44,Missed Shot,Jump Shot,3PT Field Goal,Left Corner 3,Left Side(L),24+ ft.,24,-229,73,1,0,20260418,DEN,MIN,42500161524,21760,0,203497|203944|1628978|1630162|1630245,0,PS,2026,202685,-12.0,C,Anchor Big,0.0840131421671655,MISS Edwards 24' 3PT Jump Shot,SG,Shot Creator,2.364883849706442,,DEN,1610612743.0,524
Shot Chart Detail,42500161,529,203944,Julius Randle,1610612750,Minnesota Timberwolves,4,11,31,Made Shot,Driving Layup Shot,2PT Field Goal,Restricted Area,Center(C),Less Than 8 ft.,2,-21,5,1,1,20260418,DEN,MIN,42500161529,21890,0,203497|203944|1628978|1630162|1630245,0,PS,2026,1629661|202685,-10.0,,,,,PF,Shot Creator,1.1602929479119164,,DEN,1610612743.0,529
Shot Chart Detail,42500161,534,203497,Rudy Gobert,1610612750,Minnesota Timberwolves,4,10,58,Made Shot,Cutting Dunk Shot,2PT Field Goal,Restricted Area,Center(C),Less Than 8 ft.,0,-1,-4,1,1,20260418,DEN,MIN,42500161534,22220,0,203497|203944|1628978|1630162|1630245,1,PS,2026,1627750,-8.0,PG,Chaser,-1.5348110549023566,Gobert Cutting Dunk Shot (13 PTS) (Randle 1 AST),C,Roll + Cut Big,-0.8323184861176893,203944.0,DEN,1610612743.0,534
Shot Chart Detail,42500161,537,1630245,Ayo Dosunmu,1610612750,Minnesota Timberwolves,4,10,28,Missed Shot,Pullup Jump shot,3PT Field Goal,Above the Break 3,Right Side Center(RC),24+ ft.,26,208,171,1,0,20260418,DEN,MIN,42500161537,22520,0,203497|203944|1628978|1630162|1630245,0,PS,2026,202685,-10.0,C,Anchor Big,0.0840131421671655,MISS Dosunmu 27' 3PT Pullup Jump Shot,SG,Primary Ball Handler,-0.1102469015304618,,DEN,1610612743.0,537
Shot Chart Detail,42500161,544,203944,Julius Randle,1610612750,Minnesota Timberwolves,4,9,58,Missed Shot,Driving Layup Shot,2PT Field Goal,In The Paint (Non-RA),Center(C),Less Than 8 ft.,5,1,52,1,0,20260418,DEN,MIN,42500161544,22820,0,203497|203944|1628978|1630162|1630245,0,PS,2026,1631128|202685,-10.0,,,,,PF,Shot Creator,1.1602929479119164,,DEN,1610612743.0,544
Shot Chart Detail,42500161,552,1628978,Donte DiVincenzo,1610612750,Minnesota Timberwolves,4,9,29,Missed Shot,Jump Shot,3PT Field Goal,Above the Break 3,Left Side Center(LC),24+ ft.,24,-205,140,1,0,20260418,DEN,MIN,42500161552,23110,0,203497|203944|1628978|1630162|1630245,0,PS,2026,203501,-10.0,SG,Chaser,-1.2577100654646465,MISS DiVincenzo 25' 3PT Jump Shot,SG,Movement Shooter,-0.1013777400144902,,DEN,1610612743.0,552
Shot Chart Detail,42500161,556,1630245,Ayo Dosunmu,1610612750,Minnesota Timberwolves,4,8,58,Made Shot,Running Jump Shot,3PT Field Goal,Above the Break 3,Right Side Center(RC),24+ ft.,25,221,127,1,1,20260418,DEN,MIN,42500161556,23420,0,203497|203944|1628978|1630162|1630245,1,PS,2026,1631128,-7.0,SG,Point of Attack,-0.0009793024083802,Dosunmu 25' 3PT Running Jump Shot (12 PTS) (Edwards 7 AST),SG,Primary Ball Handler,-0.1102469015304618,1630162.0,DEN,1610612743.0,556
Shot Chart Detail,42500161,565,1630162,Anthony Edwards,1610612750,Minnesota Timberwolves,4,8,32,Made Shot,Pullup Jump shot,3PT Field Goal,Above the Break 3,Left Side Center(LC),24+ ft.,25,-170,193,1,1,20260418,DEN,MIN,42500161565,23680,0,203497|203944|1628978|1630162|1630245,1,PS,2026,203999,-4.0,C,Anchor Big,0.9357439192517852,Edwards 26' 3PT Pullup Jump Shot (18 PTS) (Gobert 2 AST),SG,Shot Creator,2.364883849706442,203497.0,DEN,1610612743.0,565
Shot Chart Detail,42500161,570,203497,Rudy Gobert,1610612750,Minnesota Timberwolves,4,7,46,Made Shot,Driving Layup Shot,2PT Field Goal,Restricted Area,Center(C),Less Than 8 ft.,2,-26,3,1,1,20260418,DEN,MIN,42500161570,24140,0,203497|203944|1628978|1630162|1630245,1,PS,2026,203999,-4.0,C,Anchor Big,0.9357439192517852,Gobert 3' Driving Layup (15 PTS) (Randle 2 AST),C,Roll + Cut Big,-0.8323184861176893,203944.0,DEN,1610612743.0,570
Shot Chart Detail,42500161,574,1628978,Donte DiVincenzo,1610612750,Minnesota Timberwolves,4,7,8,Missed Shot,Jump Shot,3PT Field Goal,Above the Break 3,Left Side Center(LC),24+ ft.,25,-228,124,1,0,20260418,DEN,MIN,42500161574,24520,0,203497|203944|1628978|1630162|1630245,0,PS,2026,1627750,-6.0,PG,Chaser,-1.5348110549023566,MISS DiVincenzo 26' 3PT Jump Shot,SG,Movement Shooter,-0.1013777400144902,,DEN,1610612743.0,574
Shot Chart Detail,42500161,576,203497,Rudy Gobert,1610612750,Minnesota Timberwolves,4,7,6,Made Shot,Putback Dunk Shot,2PT Field Goal,Restricted Area,Center(C),Less Than 8 ft.,1,1,11,1,1,20260418,DEN,MIN,42500161576,24540,0,203497|203944|1628978|1630162|1630245,0,PS,2026,1629661|203999,-4.0,,,,,C,Roll + Cut Big,-0.8323184861176893,,DEN,1610612743.0,576
Shot Chart Detail,42500161,579,1630245,Ayo Dosunmu,1610612750,Minnesota Timberwolves,4,6,23,Made Shot,Driving Layup Shot,2PT Field Goal,Restricted Area,Center(C),Less Than 8 ft.,3,27,20,1,1,20260418,DEN,MIN,42500161579,24970,0,203497|203944|1628978|1630162|1630245,1,PS,2026,1627750,-2.0,PG,Chaser,-1.5348110549023566,Dosunmu 3' Driving Layup (14 PTS) (DiVincenzo 2 AST),SG,Primary Ball Handler,-0.1102469015304618,1628978.0,DEN,1610612743.0,579
Shot Chart Detail,42500161,597,1630162,Anthony Edwards,1610612750,Minnesota Timberwolves,4,5,32,Missed Shot,Step Back Jump shot,2PT Field Goal,Mid-Range,Left Side(L),16-24 ft.,19,-175,74,1,0,20260418,DEN,MIN,42500161597,25480,0,203497|203944|1628978|1630162|1630183,0,PS,2026,1631128,-7.0,SG,Point of Attack,-0.0009793024083802,MISS Edwards 19' Step Back Jump Shot,SG,Shot Creator,2.364883849706442,,DEN,1610612743.0,597
Shot Chart Detail,42500161,607,203944,Julius Randle,1610612750,Minnesota Timberwolves,4,4,55,Made Shot,Fadeaway Jump Shot,2PT Field Goal,In The Paint (Non-RA),Center(C),8-16 ft.,9,1,99,1,1,20260418,DEN,MIN,42500161607,25850,0,203497|203944|1628978|1630162|1630183,0,PS,2026,1631128,-7.0,SG,Point of Attack,-0.0009793024083802,Randle 10' Fadeaway Jumper (12 PTS),PF,Shot Creator,1.1602929479119164,,DEN,1610612743.0,607
Shot Chart Detail,42500161,627,1630245,Ayo Dosunmu,1610612750,Minnesota Timberwolves,4,3,22,Missed Shot,Driving Floating Jump Shot,2PT Field Goal,In The Paint (Non-RA),Center(C),Less Than 8 ft.,4,-6,47,1,0,20260418,DEN,MIN,42500161627,26780,0,203497|203944|1630162|1630183|1630245,0,PS,2026,1631128,-7.0,SG,Point of Attack,-0.0009793024083802,MISS Dosunmu 5' Driving Floating Jump Shot,SG,Primary Ball Handler,-0.1102469015304618,,DEN,1610612743.0,627
Shot Chart Detail,42500161,631,203944,Julius Randle,1610612750,Minnesota Timberwolves,4,3,5,Made Shot,Layup Shot,2PT Field Goal,In The Paint (Non-RA),Center(C),Less Than 8 ft.,4,-39,13,1,1,20260418,DEN,MIN,42500161631,26950,0,203497|203944|1630162|1630183|1630245,0,PS,2026,1628971,-5.0,SG,Point of Attack,0.148948324007754,Randle 4' Layup (14 PTS),PF,Shot Creator,1.1602929479119164,,DEN,1610612743.0,631
Shot Chart Detail,42500161,636,1630162,Anthony Edwards,1610612750,Minnesota Timberwolves,4,2,25,Missed Shot,Pullup Jump shot,3PT Field Goal,Above the Break 3,Right Side Center(RC),24+ ft.,30,188,243,1,0,20260418,DEN,MIN,42500161636,27350,0,203497|203944|1630162|1630183|1630245,0,PS,2026,1627750,-5.0,PG,Chaser,-1.5348110549023566,MISS Edwards 31' 3PT Pullup Jump Shot,SG,Shot Creator,2.364883849706442,,DEN,1610612743.0,636
Shot Chart Detail,42500161,661,1630183,Jaden McDaniels,1610612750,Minnesota Timberwolves,4,1,16,Missed Shot,Jump Shot,3PT Field Goal,Right Corner 3,Right Side(R),24+ ft.,22,229,11,1,0,20260418,DEN,MIN,42500161661,28040,0,203497|203944|1630162|1630183|1630245,0,PS,2026,203932|1627750,-9.0,,,,,PF,Athletic Finisher,-1.5900663152586745,,DEN,1610612743.0,661
Shot Chart Detail,42500161,670,1630162,Anthony Edwards,1610612750,Minnesota Timberwolves,4,0,49,Missed Shot,Step Back Jump shot,3PT Field Goal,Above the Break 3,Left Side Center(LC),24+ ft.,25,-222,117,1,0,20260418,DEN,MIN,42500161670,28310,0,203497|203944|1628978|1630162|1630183,0,PS,2026,203999,-11.0,C,Anchor Big,0.9357439192517852,MISS Edwards 25' 3PT Step Back Jump Shot,SG,Shot Creator,2.364883849706442,,DEN,1610612743.0,670
Shot Chart Detail,42500161,674,1630162,Anthony Edwards,1610612750,Minnesota Timberwolves,4,0,38,Made Shot,Driving Finger Roll Layup Shot,2PT Field Goal,Restricted Area,Center(C),Less Than 8 ft.,1,-5,15,1,1,20260418,DEN,MIN,42500161674,28420,0,203944|1628978|1630162|1630183|1630245,0,PS,2026,1631128,-11.0,SG,Point of Attack,-0.0009793024083802,Edwards 2' Driving Finger Roll Layup (22 PTS),SG,Shot Creator,2.364883849706442,,DEN,1610612743.0,674
Shot Chart Detail,42500161,690,203944,Julius Randle,1610612750,Minnesota Timberwolves,4,0,30,Made Shot,Driving Dunk Shot,2PT Field Goal,Restricted Area,Center(C),Less Than 8 ft.,1,-13,-7,1,1,20260418,DEN,MIN,42500161690,28500,0,203944|1628978|1630162|1630183|1630245,0,PS,2026,203999,-11.0,C,Anchor Big,0.9357439192517852,Randle 1' Driving Dunk (16 PTS),PF,Shot Creator,1.1602929479119164,,DEN,1610612743.0,690
Shot Chart Detail,42500162,7,203944,Julius Randle,1610612750,Minnesota Timberwolves,1,11,47,Missed Shot,Step Back Jump shot,2PT Field Goal,Mid-Range,Right Side Center(RC),16-24 ft.,19,123,148,1,0,20260420,DEN,MIN,425001627,130,0,203944,0,PS,2026,203932,0.0,PF,Wing Stopper,-0.6992454115603068,MISS Randle 19' Step Back Jump Shot,PF,Shot Creator,1.1602929479119164,,DEN,1610612743.0,7
Shot Chart Detail,42500162,11,1630162,Anthony Edwards,1610612750,Minnesota Timberwolves,1,11,22,Made Shot,Step Back Jump shot,3PT Field Goal,Above the Break 3,Center(C),24+ ft.,24,2,249,1,1,20260420,DEN,MIN,4250016211,380,0,1630162,0,PS,2026,203932,0.0,PF,Wing Stopper,-0.6992454115603068,Edwards 25' 3PT Step Back Jump Shot (3 PTS),SG,Shot Creator,2.364883849706442,,DEN,1610612743.0,11
Shot Chart Detail,42500162,14,203944,Julius Randle,1610612750,Minnesota Timberwolves,1,10,50,Made Shot,Driving Finger Roll Layup Shot,2PT Field Goal,Restricted Area,Center(C),Less Than 8 ft.,1,-16,8,1,1,20260420,DEN,MIN,4250016214,700,0,203944,1,PS,2026,1631128,2.0,SG,Point of Attack,-0.0009793024083802,Randle 2' Driving Finger Roll Layup (2 PTS) (McDaniels 1 AST),PF,Shot Creator,1.1602929479119164,1630183.0,DEN,1610612743.0,14
Shot Chart Detail,42500162,18,1628978,Donte DiVincenzo,1610612750,Minnesota Timberwolves,1,10,18,Missed Shot,Jump Shot,3PT Field Goal,Above the Break 3,Left Side Center(LC),24+ ft.,26,-178,195,1,0,20260420,DEN,MIN,4250016218,1020,0,1628978,0,PS,2026,1627750,0.0,PG,Chaser,-1.5348110549023566,MISS DiVincenzo 26' 3PT Jump Shot,SG,Movement Shooter,-0.1013777400144902,,DEN,1610612743.0,18
Shot Chart Detail,42500162,22,1630162,Anthony Edwards,1610612750,Minnesota Timberwolves,1,9,55,Missed Shot,Step Back Jump shot,3PT Field Goal,Above the Break 3,Center(C),24+ ft.,25,-17,256,1,0,20260420,DEN,MIN,4250016222,1250,0,1630162,0,PS,2026,1631128,0.0,SG,Point of Attack,-0.0009793024083802,MISS Edwards 26' 3PT Step Back Jump Shot,SG,Shot Creator,2.364883849706442,,DEN,1610612743.0,22
Shot Chart Detail,42500162,26,203944,Julius Randle,1610612750,Minnesota Timberwolves,1,9,41,Made Shot,Jump Shot,3PT Field Goal,Left Corner 3,Left Side(L),24+ ft.,23,-229,62,1,1,20260420,DEN,MIN,4250016226,1390,0,203944,1,PS,2026,1627750,3.0,PG,Chaser,-1.5348110549023566,Randle 24' 3PT Jump Shot (5 PTS) (DiVincenzo 1 AST),PF,Shot Creator,1.1602929479119164,1628978.0,DEN,1610612743.0,26
Shot Chart Detail,42500162,30,1630183,Jaden McDaniels,1610612750,Minnesota Timberwolves,1,8,53,Missed Shot,Pullup Jump shot,2PT Field Goal,Mid-Range,Right Side Center(RC),16-24 ft.,16,116,120,1,0,20260420,DEN,MIN,4250016230,1870,0,1630183,0,PS,2026,1629661|1627750,3.0,,,,,PF,Athletic Finisher,-1.5900663152586745,,DEN,1610612743.0,30
Shot Chart Detail,42500162,34,203944,Julius Randle,1610612750,Minnesota Timberwolves,1,8,30,Made Shot,Jump Shot,3PT Field Goal,Above the Break 3,Right Side Center(RC),24+ ft.,25,102,230,1,1,20260420,DEN,MIN,4250016234,2100,0,203944,1,PS,2026,203932,4.0,PF,Wing Stopper,-0.6992454115603068,Randle 25' 3PT Jump Shot (8 PTS) (Edwards 1 AST),PF,Shot Creator,1.1602929479119164,1630162.0,DEN,1610612743.0,34
Shot Chart Detail,42500162,43,203944,Julius Randle,1610612750,Minnesota Timberwolves,1,7,43,Missed Shot,Pullup Jump shot,2PT Field Goal,In The Paint (Non-RA),Center(C),8-16 ft.,10,-32,100,1,0,20260420,DEN,MIN,4250016243,2570,0,203944,0,PS,2026,203932,2.0,PF,Wing Stopper,-0.6992454115603068,MISS Randle 10' Pullup Jump Shot,PF,Shot Creator,1.1602929479119164,,DEN,1610612743.0,43
Shot Chart Detail,42500162,47,1630162,Anthony Edwards,1610612750,Minnesota Timberwolves,1,7,12,Missed Shot,Pullup Jump shot,3PT Field Goal,Above the Break 3,Left Side Center(LC),24+ ft.,25,-179,188,1,0,20260420,DEN,MIN,4250016247,2880,0,1630162,0,PS,2026,203932,-1.0,PF,Wing Stopper,-0.6992454115603068,MISS Edwards 26' 3PT Pullup Jump Shot,SG,Shot Creator,2.364883849706442,,DEN,1610612743.0,47
Shot Chart Detail,42500162,53,203497,Rudy Gobert,1610612750,Minnesota Timberwolves,1,6,37,Missed Shot,Floating Jump shot,2PT Field Goal,Mid-Range,Right Side(R),8-16 ft.,10,104,20,1,0,20260420,DEN,MIN,4250016253,3230,0,203497,0,PS,2026,203999,-4.0,C,Anchor Big,0.9357439192517852,MISS Gobert 11' Floating Jump Shot,C,Roll + Cut Big,-0.8323184861176893,,DEN,1610612743.0,53
Shot Chart Detail,42500162,74,1630183,Jaden McDaniels,1610612750,Minnesota Timberwolves,1,5,50,Missed Shot,Jump Shot,3PT Field Goal,Left Corner 3,Left Side(L),24+ ft.,23,-235,23,1,0,20260420,DEN,MIN,4250016274,3700,0,1630183,0,PS,2026,203932,-7.0,PF,Wing Stopper,-0.6992454115603068,MISS McDaniels 24' 3PT Jump Shot,PF,Athletic Finisher,-1.5900663152586745,,DEN,1610612743.0,74
Shot Chart Detail,42500162,80,1630245,Ayo Dosunmu,1610612750,Minnesota Timberwolves,1,5,20,Missed Shot,Driving Floating Jump Shot,2PT Field Goal,Mid-Range,Left Side(L),8-16 ft.,12,-129,12,1,0,20260420,DEN,MIN,4250016280,4000,0,1630245,0,PS,2026,203501,-9.0,SG,Chaser,-1.2577100654646465,MISS Dosunmu 13' Driving Floating Jump Shot,SG,Primary Ball Handler,-0.1102469015304618,,DEN,1610612743.0,80
Shot Chart Detail,42500162,84,1630162,Anthony Edwards,1610612750,Minnesota Timberwolves,1,4,53,Missed Shot,Pullup Jump shot,2PT Field Goal,Mid-Range,Center(C),16-24 ft.,19,0,193,1,0,20260420,DEN,MIN,4250016284,4270,0,1630162,0,PS,2026,203999,-9.0,C,Anchor Big,0.9357439192517852,MISS Edwards 19' Pullup Jump Shot,SG,Shot Creator,2.364883849706442,,DEN,1610612743.0,84
Shot Chart Detail,42500162,99,203944,Julius Randle,1610612750,Minnesota Timberwolves,1,4,20,Missed Shot,Driving Layup Shot,2PT Field Goal,Restricted Area,Center(C),Less Than 8 ft.,2,-28,8,1,0,20260420,DEN,MIN,4250016299,4600,0,203944,0,PS,2026,203999,-13.0,C,Anchor Big,0.9357439192517852,MISS Randle 3' Driving Layup,PF,Shot Creator,1.1602929479119164,,DEN,1610612743.0,99
Shot Chart Detail,42500162,110,1630538,Bones Hyland,1610612750,Minnesota Timberwolves,1,3,42,Made Shot,Pullup Jump shot,3PT Field Goal,Left Corner 3,Left Side(L),24+ ft.,24,-246,21,1,1,20260420,DEN,MIN,42500162110,4980,0,1630538,1,PS,2026,203501,-12.0,SG,Chaser,-1.2577100654646465,Hyland 25' 3PT Pullup Jump Shot (3 PTS) (Dosunmu 1 AST),PG,Primary Ball Handler,1.4768539178096776,1630245.0,DEN,1610612743.0,110
Shot Chart Detail,42500162,117,1630162,Anthony Edwards,1610612750,Minnesota Timberwolves,1,3,11,Made Shot,Driving Finger Roll Layup Shot,2PT Field Goal,Restricted Area,Center(C),Less Than 8 ft.,1,0,16,1,1,20260420,DEN,MIN,42500162117,5290,0,1630162,1,PS,2026,203999,-10.0,C,Anchor Big,0.9357439192517852,Edwards 2' Driving Finger Roll Layup (7 PTS) (Hyland 1 AST),SG,Shot Creator,2.364883849706442,1630538.0,DEN,1610612743.0,117
Shot Chart Detail,42500162,125,1629675,Naz Reid,1610612750,Minnesota Timberwolves,1,2,44,Missed Shot,Jump Shot,3PT Field Goal,Above the Break 3,Left Side Center(LC),24+ ft.,25,-214,138,1,0,20260420,DEN,MIN,42500162125,5560,0,1629675,0,PS,2026,203999,-14.0,C,Anchor Big,0.9357439192517852,MISS Reid 25' 3PT Jump Shot,C,Movement Shooter,-0.0562391500311225,,DEN,1610612743.0,125
Shot Chart Detail,42500162,129,1630162,Anthony Edwards,1610612750,Minnesota Timberwolves,1,2,13,Missed Shot,Step Back Jump shot,3PT Field Goal,Above the Break 3,Center(C),24+ ft.,25,15,257,1,0,20260420,DEN,MIN,42500162129,5870,0,1630162,0,PS,2026,1642461|1628971,-14.0,,,,,SG,Shot Creator,2.364883849706442,,DEN,1610612743.0,129
Shot Chart Detail,42500162,141,1630245,Ayo Dosunmu,1610612750,Minnesota Timberwolves,1,1,40,Missed Shot,Jump Shot,3PT Field Goal,Above the Break 3,Left Side Center(LC),24+ ft.,25,-212,138,1,0,20260420,DEN,MIN,42500162141,6200,0,1630245,0,PS,2026,203501,-15.0,SG,Chaser,-1.2577100654646465,MISS Dosunmu 25' 3PT Jump Shot,SG,Primary Ball Handler,-0.1102469015304618,,DEN,1610612743.0,141
Shot Chart Detail,42500162,145,1630538,Bones Hyland,1610612750,Minnesota Timberwolves,1,1,30,Made Shot,Jump Shot,3PT Field Goal,Above the Break 3,Left Side Center(LC),24+ ft.,26,-208,172,1,1,20260420,DEN,MIN,42500162145,6300,0,1630538,1,PS,2026,1628971,-12.0,SG,Point of Attack,0.148948324007754,Hyland 27' 3PT Jump Shot (6 PTS) (Anderson 1 AST),PG,Primary Ball Handler,1.4768539178096776,203937.0,DEN,1610612743.0,145
Shot Chart Detail,42500162,149,203944,Julius Randle,1610612750,Minnesota Timberwolves,1,1,4,Missed Shot,Driving Floating Jump Shot,2PT Field Goal,Restricted Area,Center(C),Less Than 8 ft.,3,33,16,1,0,20260420,DEN,MIN,42500162149,6560,0,203944,0,PS,2026,203999,-14.0,C,Anchor Big,0.9357439192517852,MISS Randle 4' Driving Floating Jump Shot,PF,Shot Creator,1.1602929479119164,,DEN,1610612743.0,149
Shot Chart Detail,42500162,152,203944,Julius Randle,1610612750,Minnesota Timberwolves,1,0,57,Missed Shot,Jump Shot,3PT Field Goal,Above the Break 3,Left Side Center(LC),24+ ft.,25,-179,185,1,0,20260420,DEN,MIN,42500162152,6630,0,203944,0,PS,2026,203999,-14.0,C,Anchor Big,0.9357439192517852,MISS Randle 26' 3PT Jump Shot,PF,Shot Creator,1.1602929479119164,,DEN,1610612743.0,152
Shot Chart Detail,42500162,179,1630183,Jaden McDaniels,1610612750,Minnesota Timberwolves,1,0,0,Made Shot,Reverse Layup Shot,2PT Field Goal,Restricted Area,Center(C),Less Than 8 ft.,3,-28,12,1,1,20260420,DEN,MIN,42500162179,7200,0,1630183,1,PS,2026,203501,-14.0,SG,Chaser,-1.2577100654646465,McDaniels 3' Reverse Layup (2 PTS) (Gobert 1 AST),PF,Athletic Finisher,-1.5900663152586745,203497.0,DEN,1610612743.0,179
Shot Chart Detail,42500162,199,1630162,Anthony Edwards,1610612750,Minnesota Timberwolves,2,11,32,Missed Shot,Pullup Jump shot,2PT Field Goal,Mid-Range,Left Side(L),16-24 ft.,17,-156,83,1,0,20260420,DEN,MIN,42500162199,7480,0,1630162,0,PS,2026,1629661|202685,-17.0,,,,,SG,Shot Creator,2.364883849706442,,DEN,1610612743.0,199
Shot Chart Detail,42500162,202,1630162,Anthony Edwards,1610612750,Minnesota Timberwolves,2,11,3,Made Shot,Step Back Jump shot,3PT Field Goal,Left Corner 3,Left Side(L),24+ ft.,23,-235,41,1,1,20260420,DEN,MIN,42500162202,7770,0,1630162,1,PS,2026,203501,-16.0,SG,Chaser,-1.2577100654646465,Edwards 24' 3PT Step Back Jump Shot (10 PTS) (DiVincenzo 2 AST),SG,Shot Creator,2.364883849706442,1628978.0,DEN,1610612743.0,202
Shot Chart Detail,42500162,218,1630162,Anthony Edwards,1610612750,Minnesota Timberwolves,2,9,52,Made Shot,Driving Finger Roll Layup Shot,2PT Field Goal,Restricted Area,Center(C),Less Than 8 ft.,2,25,12,1,1,20260420,DEN,MIN,42500162218,8480,0,1630162,0,PS,2026,202685|1627750,-14.0,,,,,SG,Shot Creator,2.364883849706442,,DEN,1610612743.0,218
Shot Chart Detail,42500162,225,1629675,Naz Reid,1610612750,Minnesota Timberwolves,2,9,10,Made Shot,Driving Finger Roll Layup Shot,2PT Field Goal,Restricted Area,Center(C),Less Than 8 ft.,2,-26,10,1,1,20260420,DEN,MIN,42500162225,8900,0,1629675,1,PS,2026,203932,-12.0,PF,Wing Stopper,-0.6992454115603068,Reid 3' Driving Finger Roll Layup (2 PTS) (DiVincenzo 3 AST),C,Movement Shooter,-0.0562391500311225,1628978.0,DEN,1610612743.0,225
Shot Chart Detail,42500162,250,203944,Julius Randle,1610612750,Minnesota Timberwolves,2,8,31,Made Shot,Layup Shot,2PT Field Goal,Restricted Area,Center(C),Less Than 8 ft.,0,2,1,1,1,20260420,DEN,MIN,42500162250,9290,0,203944,1,PS,2026,1628971,-8.0,SG,Point of Attack,0.148948324007754,Randle Layup (12 PTS) (McDaniels 2 AST),PF,Shot Creator,1.1602929479119164,1630183.0,DEN,1610612743.0,250
Shot Chart Detail,42500162,258,203944,Julius Randle,1610612750,Minnesota Timberwolves,2,7,55,Made Shot,Cutting Finger Roll Layup Shot,2PT Field Goal,Restricted Area,Center(C),Less Than 8 ft.,2,-17,12,1,1,20260420,DEN,MIN,42500162258,9650,0,203944,1,PS,2026,203999,-8.0,C,Anchor Big,0.9357439192517852,Randle 2' Cutting Finger Roll Layup Shot (14 PTS) (DiVincenzo 4 AST),PF,Shot Creator,1.1602929479119164,1628978.0,DEN,1610612743.0,258
Shot Chart Detail,42500162,261,1628978,Donte DiVincenzo,1610612750,Minnesota Timberwolves,2,7,24,Made Shot,Jump Shot,3PT Field Goal,Right Corner 3,Right Side(R),24+ ft.,23,227,75,1,1,20260420,DEN,MIN,42500162261,9960,0,1628978,1,PS,2026,1631128,-7.0,SG,Point of Attack,-0.0009793024083802,DiVincenzo 24' 3PT Jump Shot (3 PTS) (Randle 1 AST),SG,Movement Shooter,-0.1013777400144902,203944.0,DEN,1610612743.0,261
Shot Chart Detail,42500162,265,1630162,Anthony Edwards,1610612750,Minnesota Timberwolves,2,7,4,Missed Shot,Driving Finger Roll Layup Shot,2PT Field Goal,Restricted Area,Center(C),Less Than 8 ft.,2,18,15,1,0,20260420,DEN,MIN,42500162265,10160,0,1630162,0,PS,2026,203999,-7.0,C,Anchor Big,0.9357439192517852,MISS Edwards 2' Driving Finger Roll Layup,SG,Shot Creator,2.364883849706442,,DEN,1610612743.0,265
Shot Chart Detail,42500162,269,1630183,Jaden McDaniels,1610612750,Minnesota Timberwolves,2,6,48,Made Shot,Driving Floating Jump Shot,2PT Field Goal,Restricted Area,Center(C),Less Than 8 ft.,2,-21,4,1,1,20260420,DEN,MIN,42500162269,10320,0,1630183,1,PS,2026,203932,-5.0,PF,Wing Stopper,-0.6992454115603068,McDaniels 2' Driving Floating Jump Shot (4 PTS) (Randle 2 AST),PF,Athletic Finisher,-1.5900663152586745,203944.0,DEN,1610612743.0,269
Shot Chart Detail,42500162,285,1630245,Ayo Dosunmu,1610612750,Minnesota Timberwolves,2,6,32,Made Shot,Pullup Jump shot,3PT Field Goal,Above the Break 3,Center(C),24+ ft.,26,42,263,1,1,20260420,DEN,MIN,42500162285,10480,0,1630245,0,PS,2026,1629661,-2.0,SF,Helper,-0.2852304748086314,Dosunmu 27' 3PT Pullup Jump Shot (3 PTS),SG,Primary Ball Handler,-0.1102469015304618,,DEN,1610612743.0,285
Shot Chart Detail,42500162,295,1630162,Anthony Edwards,1610612750,Minnesota Timberwolves,2,5,27,Made Shot,Driving Layup Shot,2PT Field Goal,Restricted Area,Center(C),Less Than 8 ft.,2,-9,20,1,1,20260420,DEN,MIN,42500162295,11130,0,1630162,1,PS,2026,203999,1.0,C,Anchor Big,0.9357439192517852,Edwards 2' Driving Layup (17 PTS) (Randle 3 AST),SG,Shot Creator,2.364883849706442,203944.0,DEN,1610612743.0,295
Shot Chart Detail,42500162,299,1628978,Donte DiVincenzo,1610612750,Minnesota Timberwolves,2,5,2,Made Shot,Jump Shot,3PT Field Goal,Left Corner 3,Left Side(L),24+ ft.,22,-223,26,1,1,20260420,DEN,MIN,42500162299,11380,0,1628978,1,PS,2026,1629661,2.0,SF,Helper,-0.2852304748086314,DiVincenzo 3PT Jump Shot (6 PTS) (Dosunmu 2 AST),SG,Movement Shooter,-0.1013777400144902,1630245.0,DEN,1610612743.0,299
Shot Chart Detail,42500162,303,1630162,Anthony Edwards,1610612750,Minnesota Timberwolves,2,4,22,Made Shot,Jump Shot,3PT Field Goal,Above the Break 3,Left Side Center(LC),24+ ft.,25,-96,235,1,1,20260420,DEN,MIN,42500162303,11780,0,1630162,1,PS,2026,1629661|1631128,2.0,,,,,SG,Shot Creator,2.364883849706442,203944.0,DEN,1610612743.0,303
Shot Chart Detail,42500162,322,1629675,Naz Reid,1610612750,Minnesota Timberwolves,2,3,20,Made Shot,Jump Shot,3PT Field Goal,Above the Break 3,Right Side Center(RC),24+ ft.,26,118,235,1,1,20260420,DEN,MIN,42500162322,12400,0,1629675,1,PS,2026,203932,5.0,PF,Wing Stopper,-0.6992454115603068,Reid 26' 3PT Jump Shot (5 PTS) (Conley 1 AST),C,Movement Shooter,-0.0562391500311225,201144.0,DEN,1610612743.0,322
Shot Chart Detail,42500162,335,203944,Julius Randle,1610612750,Minnesota Timberwolves,2,2,45,Made Shot,Driving Layup Shot,2PT Field Goal,Restricted Area,Center(C),Less Than 8 ft.,2,-23,8,1,1,20260420,DEN,MIN,42500162335,12750,0,203944,1,PS,2026,203501|203932,6.0,,,,,PF,Shot Creator,1.1602929479119164,201144.0,DEN,1610612743.0,335
Shot Chart Detail,42500162,342,1630245,Ayo Dosunmu,1610612750,Minnesota Timberwolves,2,2,18,Missed Shot,Running Layup Shot,2PT Field Goal,In The Paint (Non-RA),Center(C),Less Than 8 ft.,4,-31,38,1,0,20260420,DEN,MIN,42500162342,13020,0,1630245,0,PS,2026,1631128|203501,6.0,,,,,SG,Primary Ball Handler,-0.1102469015304618,,DEN,1610612743.0,342
Shot Chart Detail,42500162,345,1630245,Ayo Dosunmu,1610612750,Minnesota Timberwolves,2,2,0,Made Shot,Driving Layup Shot,2PT Field Goal,Restricted Area,Center(C),Less Than 8 ft.,1,-5,17,1,1,20260420,DEN,MIN,42500162345,13200,0,1630245,1,PS,2026,203999,8.0,C,Anchor Big,0.9357439192517852,Dosunmu 2' Driving Layup (5 PTS) (Reid 1 AST),SG,Primary Ball Handler,-0.1102469015304618,1629675.0,DEN,1610612743.0,345
Shot Chart Detail,42500162,349,1630162,Anthony Edwards,1610612750,Minnesota Timberwolves,2,1,34,Missed Shot,Pullup Jump shot,3PT Field Goal,Above the Break 3,Center(C),24+ ft.,25,40,256,1,0,20260420,DEN,MIN,42500162349,13460,0,1630162,0,PS,2026,203999,8.0,C,Anchor Big,0.9357439192517852,MISS Edwards 26' 3PT Pullup Jump Shot,SG,Shot Creator,2.364883849706442,,DEN,1610612743.0,349
Shot Chart Detail,42500162,353,1629675,Naz Reid,1610612750,Minnesota Timberwolves,2,1,6,Missed Shot,Step Back Jump shot,3PT Field Goal,Above the Break 3,Left Side Center(LC),24+ ft.,27,-223,153,1,0,20260420,DEN,MIN,42500162353,13740,0,1629675,0,PS,2026,203999,6.0,C,Anchor Big,0.9357439192517852,MISS Reid 27' 3PT Step Back Jump Shot,C,Movement Shooter,-0.0562391500311225,,DEN,1610612743.0,353
Shot Chart Detail,42500162,357,203944,Julius Randle,1610612750,Minnesota Timberwolves,2,0,32,Missed Shot,Pullup Jump shot,3PT Field Goal,Above the Break 3,Right Side Center(RC),24+ ft.,25,105,232,1,0,20260420,DEN,MIN,42500162357,14080,0,203944,0,PS,2026,203501,3.0,SG,Chaser,-1.2577100654646465,MISS Randle 25' 3PT Pullup Jump Shot,PF,Shot Creator,1.1602929479119164,,DEN,1610612743.0,357
Shot Chart Detail,42500162,382,203944,Julius Randle,1610612750,Minnesota Timberwolves,3,11,19,Missed Shot,Driving Layup Shot,2PT Field Goal,Restricted Area,Center(C),Less Than 8 ft.,3,-15,29,1,0,20260420,DEN,MIN,42500162382,14810,0,203944,0,PS,2026,1631128,0.0,SG,Point of Attack,-0.0009793024083802,MISS Randle 3' Driving Layup,PF,Shot Creator,1.1602929479119164,,DEN,1610612743.0,382
Shot Chart Detail,42500162,386,1630183,Jaden McDaniels,1610612750,Minnesota Timberwolves,3,10,49,Made Shot,Turnaround Fadeaway shot,2PT Field Goal,Mid-Range,Left Side(L),8-16 ft.,11,-96,66,1,1,20260420,DEN,MIN,42500162386,15110,0,1630183,0,PS,2026,1629661,-1.0,SF,Helper,-0.2852304748086314,McDaniels 12' Turnaround Fadeaway (6 PTS),PF,Athletic Finisher,-1.5900663152586745,,DEN,1610612743.0,386
Shot Chart Detail,42500162,391,1630162,Anthony Edwards,1610612750,Minnesota Timberwolves,3,10,23,Missed Shot,Cutting Finger Roll Layup Shot,2PT Field Goal,Restricted Area,Center(C),Less Than 8 ft.,0,-7,3,1,0,20260420,DEN,MIN,42500162391,15370,0,1630162,0,PS,2026,1631128,-3.0,SG,Point of Attack,-0.0009793024083802,MISS Edwards 1' Cutting Finger Roll Layup Shot,SG,Shot Creator,2.364883849706442,,DEN,1610612743.0,391
Shot Chart Detail,42500162,395,1630183,Jaden McDaniels,1610612750,Minnesota Timberwolves,3,9,58,Made Shot,Running Finger Roll Layup Shot,2PT Field Goal,Restricted Area,Center(C),Less Than 8 ft.,1,15,10,1,1,20260420,DEN,MIN,42500162395,15620,0,1630183,0,PS,2026,1627750,-1.0,PG,Chaser,-1.5348110549023566,McDaniels 2' Running Finger Roll Layup (8 PTS),PF,Athletic Finisher,-1.5900663152586745,,DEN,1610612743.0,395
Shot Chart Detail,42500162,399,1630183,Jaden McDaniels,1610612750,Minnesota Timberwolves,3,9,30,Missed Shot,Running Layup Shot,2PT Field Goal,Restricted Area,Center(C),Less Than 8 ft.,1,-13,-1,1,0,20260420,DEN,MIN,42500162399,15900,0,1630183,0,PS,2026,1627750,-1.0,PG,Chaser,-1.5348110549023566,MISS McDaniels 1' Running Layup,PF,Athletic Finisher,-1.5900663152586745,,DEN,1610612743.0,399
Shot Chart Detail,42500162,404,1630183,Jaden McDaniels,1610612750,Minnesota Timberwolves,3,9,13,Made Shot,Pullup Jump shot,2PT Field Goal,Mid-Range,Left Side(L),8-16 ft.,11,-110,8,1,1,20260420,DEN,MIN,42500162404,16070,0,1630183,1,PS,2026,1631128,1.0,SG,Point of Attack,-0.0009793024083802,McDaniels 11' Pullup Jump Shot (10 PTS) (DiVincenzo 5 AST),PF,Athletic Finisher,-1.5900663152586745,1628978.0,DEN,1610612743.0,404
Shot Chart Detail,42500162,410,1628978,Donte DiVincenzo,1610612750,Minnesota Timberwolves,3,8,31,Missed Shot,Pullup Jump shot,3PT Field Goal,Above the Break 3,Left Side Center(LC),24+ ft.,24,-99,227,1,0,20260420,DEN,MIN,42500162410,16490,0,1628978,0,PS,2026,1629661,1.0,SF,Helper,-0.2852304748086314,MISS DiVincenzo 25' 3PT Pullup Jump Shot,SG,Movement Shooter,-0.1013777400144902,,DEN,1610612743.0,410
Shot Chart Detail,42500162,420,1630162,Anthony Edwards,1610612750,Minnesota Timberwolves,3,8,0,Missed Shot,Running Pull-Up Jump Shot,3PT Field Goal,Above the Break 3,Right Side Center(RC),24+ ft.,27,113,251,1,0,20260420,DEN,MIN,42500162420,16800,0,1630162,0,PS,2026,1631128,-1.0,SG,Point of Attack,-0.0009793024083802,MISS Edwards 28' 3PT Running Pull-Up Jump Shot,SG,Shot Creator,2.364883849706442,,DEN,1610612743.0,420
Shot Chart Detail,42500162,422,203497,Rudy Gobert,1610612750,Minnesota Timberwolves,3,7,56,Missed Shot,Putback Layup Shot,2PT Field Goal,Restricted Area,Center(C),Less Than 8 ft.,1,-1,16,1,0,20260420,DEN,MIN,42500162422,16840,0,203497,0,PS,2026,1629661|203932,-1.0,,,,,C,Roll + Cut Big,-0.8323184861176893,,DEN,1610612743.0,422
Shot Chart Detail,42500162,447,1630162,Anthony Edwards,1610612750,Minnesota Timberwolves,3,6,52,Missed Shot,Driving Layup Shot,2PT Field Goal,Restricted Area,Center(C),Less Than 8 ft.,3,18,24,1,0,20260420,DEN,MIN,42500162447,17480,0,1630162,0,PS,2026,1629661|203999,-1.0,,,,,SG,Shot Creator,2.364883849706442,,DEN,1610612743.0,447
Shot Chart Detail,42500162,451,1628978,Donte DiVincenzo,1610612750,Minnesota Timberwolves,3,6,37,Made Shot,Jump Shot,3PT Field Goal,Above the Break 3,Left Side Center(LC),24+ ft.,28,-127,252,1,1,20260420,DEN,MIN,42500162451,17630,0,1628978,1,PS,2026,203932,0.0,PF,Wing Stopper,-0.6992454115603068,DiVincenzo 28' 3PT Jump Shot (9 PTS) (McDaniels 3 AST),SG,Movement Shooter,-0.1013777400144902,1630183.0,DEN,1610612743.0,451
Shot Chart Detail,42500162,455,1630162,Anthony Edwards,1610612750,Minnesota Timberwolves,3,6,21,Made Shot,Running Layup Shot,2PT Field Goal,Restricted Area,Center(C),Less Than 8 ft.,3,20,30,1,1,20260420,DEN,MIN,42500162455,17790,0,1630162,0,PS,2026,1629661,2.0,SF,Helper,-0.2852304748086314,Edwards 4' Running Layup (22 PTS),SG,Shot Creator,2.364883849706442,,DEN,1610612743.0,455
Shot Chart Detail,42500162,464,1630183,Jaden McDaniels,1610612750,Minnesota Timberwolves,3,5,51,Missed Shot,Jump Shot,3PT Field Goal,Above the Break 3,Center(C),24+ ft.,24,-21,248,1,0,20260420,DEN,MIN,42500162464,18090,0,1630183,0,PS,2026,203999,1.0,C,Anchor Big,0.9357439192517852,MISS McDaniels 25' 3PT Jump Shot,PF,Athletic Finisher,-1.5900663152586745,,DEN,1610612743.0,464
Shot Chart Detail,42500162,473,1630162,Anthony Edwards,1610612750,Minnesota Timberwolves,3,5,21,Made Shot,Driving Floating Bank Jump Shot,2PT Field Goal,Mid-Range,Left Side(L),8-16 ft.,10,-99,46,1,1,20260420,DEN,MIN,42500162473,18390,0,1630162,0,PS,2026,203932,1.0,PF,Wing Stopper,-0.6992454115603068,Edwards 11' Driving Floating Bank Jump Shot (25 PTS),SG,Shot Creator,2.364883849706442,,DEN,1610612743.0,473
Shot Chart Detail,42500162,486,1630162,Anthony Edwards,1610612750,Minnesota Timberwolves,3,4,29,Missed Shot,Step Back Jump shot,3PT Field Goal,Above the Break 3,Left Side Center(LC),24+ ft.,24,-191,157,1,0,20260420,DEN,MIN,42500162486,18910,0,1630162,0,PS,2026,1631128|203501,-3.0,,,,,SG,Shot Creator,2.364883849706442,,DEN,1610612743.0,486
Shot Chart Detail,42500162,499,1630162,Anthony Edwards,1610612750,Minnesota Timberwolves,3,3,29,Missed Shot,Running Layup Shot,2PT Field Goal,Restricted Area,Center(C),Less Than 8 ft.,0,-7,5,1,0,20260420,DEN,MIN,42500162499,19510,0,1630162,0,PS,2026,1631128,-6.0,SG,Point of Attack,-0.0009793024083802,MISS Edwards 1' Running Layup,SG,Shot Creator,2.364883849706442,,DEN,1610612743.0,499
Shot Chart Detail,42500162,503,1630183,Jaden McDaniels,1610612750,Minnesota Timberwolves,3,3,13,Missed Shot,Running Layup Shot,2PT Field Goal,Restricted Area,Center(C),Less Than 8 ft.,1,5,14,1,0,20260420,DEN,MIN,42500162503,19670,0,1630183,0,PS,2026,203932,-6.0,PF,Wing Stopper,-0.6992454115603068,MISS McDaniels 1' Running Layup,PF,Athletic Finisher,-1.5900663152586745,,DEN,1610612743.0,503
Shot Chart Detail,42500162,505,1630162,Anthony Edwards,1610612750,Minnesota Timberwolves,3,3,10,Made Shot,Tip Layup Shot,2PT Field Goal,Restricted Area,Center(C),Less Than 8 ft.,0,2,6,1,1,20260420,DEN,MIN,42500162505,19700,0,1630162,0,PS,2026,203999,-4.0,C,Anchor Big,0.9357439192517852,Edwards 1' Tip Layup Shot (28 PTS),SG,Shot Creator,2.364883849706442,,DEN,1610612743.0,505
Shot Chart Detail,42500162,524,1630538,Bones Hyland,1610612750,Minnesota Timberwolves,3,2,30,Made Shot,Step Back Jump shot,3PT Field Goal,Above the Break 3,Left Side Center(LC),24+ ft.,25,-172,183,1,1,20260420,DEN,MIN,42500162524,20100,0,1630538,1,PS,2026,203999,-3.0,C,Anchor Big,0.9357439192517852,Hyland 25' 3PT Step Back Jump Shot (9 PTS) (Anderson 2 AST),PG,Primary Ball Handler,1.4768539178096776,203937.0,DEN,1610612743.0,524
Shot Chart Detail,42500162,534,1629675,Naz Reid,1610612750,Minnesota Timberwolves,3,1,49,Missed Shot,Driving Hook Shot,2PT Field Goal,In The Paint (Non-RA),Center(C),8-16 ft.,10,16,104,1,0,20260420,DEN,MIN,42500162534,20510,0,1629675,0,PS,2026,1629661,-4.0,SF,Helper,-0.2852304748086314,MISS Reid 11' Driving Hook Shot,C,Movement Shooter,-0.0562391500311225,,DEN,1610612743.0,534
Shot Chart Detail,42500162,536,1630245,Ayo Dosunmu,1610612750,Minnesota Timberwolves,3,1,48,Made Shot,Tip Layup Shot,2PT Field Goal,Restricted Area,Center(C),Less Than 8 ft.,0,0,0,1,1,20260420,DEN,MIN,42500162536,20520,0,1630245,0,PS,2026,203501,-2.0,SG,Chaser,-1.2577100654646465,Dosunmu Tip Layup Shot (7 PTS),SG,Primary Ball Handler,-0.1102469015304618,,DEN,1610612743.0,536
Shot Chart Detail,42500162,543,203937,Kyle Anderson,1610612750,Minnesota Timberwolves,3,1,27,Missed Shot,Floating Jump shot,2PT Field Goal,In The Paint (Non-RA),Center(C),Less Than 8 ft.,5,12,55,1,0,20260420,DEN,MIN,42500162543,20730,0,203937,0,PS,2026,1629661,-4.0,SF,Helper,-0.2852304748086314,MISS Anderson 6' Floating Jump Shot,SF,Shot Creator,-1.2843181606013667,,DEN,1610612743.0,543
Shot Chart Detail,42500162,567,1630538,Bones Hyland,1610612750,Minnesota Timberwolves,3,0,25,Missed Shot,Jump Shot,3PT Field Goal,Above the Break 3,Center(C),24+ ft.,27,-5,276,1,0,20260420,DEN,MIN,42500162567,21350,0,1630538,0,PS,2026,1627750,-5.0,PG,Chaser,-1.5348110549023566,MISS Hyland 28' 3PT Jump Shot,PG,Primary Ball Handler,1.4768539178096776,,DEN,1610612743.0,567
Shot Chart Detail,42500162,571,1630538,Bones Hyland,1610612750,Minnesota Timberwolves,3,0,3,Made Shot,Running Layup Shot,2PT Field Goal,Restricted Area,Center(C),Less Than 8 ft.,1,10,-8,1,1,20260420,DEN,MIN,42500162571,21570,0,1630538,1,PS,2026,1627750,-3.0,PG,Chaser,-1.5348110549023566,Hyland 1' Running Layup (13 PTS) (Dosunmu 3 AST),PG,Primary Ball Handler,1.4768539178096776,1630245.0,DEN,1610612743.0,571
Shot Chart Detail,42500162,585,1630245,Ayo Dosunmu,1610612750,Minnesota Timberwolves,4,11,50,Made Shot,Driving Finger Roll Layup Shot,2PT Field Goal,Restricted Area,Center(C),Less Than 8 ft.,1,18,5,1,1,20260420,DEN,MIN,42500162585,21700,0,1630245,0,PS,2026,1627750,-1.0,PG,Chaser,-1.5348110549023566,Dosunmu 2' Driving Finger Roll Layup (9 PTS),SG,Primary Ball Handler,-0.1102469015304618,,DEN,1610612743.0,585
Shot Chart Detail,42500162,590,1629675,Naz Reid,1610612750,Minnesota Timberwolves,4,11,8,Made Shot,Driving Floating Jump Shot,2PT Field Goal,In The Paint (Non-RA),Center(C),8-16 ft.,8,40,75,1,1,20260420,DEN,MIN,42500162590,22120,0,1629675,1,PS,2026,203932,-2.0,PF,Wing Stopper,-0.6992454115603068,Reid 9' Driving Floating Jump Shot (7 PTS) (Dosunmu 4 AST),C,Movement Shooter,-0.0562391500311225,1630245.0,DEN,1610612743.0,590
Shot Chart Detail,42500162,598,1629675,Naz Reid,1610612750,Minnesota Timberwolves,4,10,39,Made Shot,Driving Dunk Shot,2PT Field Goal,Restricted Area,Center(C),Less Than 8 ft.,1,9,14,1,1,20260420,DEN,MIN,42500162598,22410,0,1629675,1,PS,2026,203932,-3.0,PF,Wing Stopper,-0.6992454115603068,Reid 2' Driving Dunk (9 PTS) (Hyland 2 AST),C,Movement Shooter,-0.0562391500311225,1630538.0,DEN,1610612743.0,598
Shot Chart Detail,42500162,602,1629675,Naz Reid,1610612750,Minnesota Timberwolves,4,10,8,Missed Shot,Running Pull-Up Jump Shot,2PT Field Goal,Restricted Area,Center(C),Less Than 8 ft.,2,15,22,1,0,20260420,DEN,MIN,42500162602,22720,0,1629675,0,PS,2026,1628971,-3.0,SG,Point of Attack,0.148948324007754,MISS Reid 3' Running Pull-Up Jump Shot,C,Movement Shooter,-0.0562391500311225,,DEN,1610612743.0,602
Shot Chart Detail,42500162,611,1630183,Jaden McDaniels,1610612750,Minnesota Timberwolves,4,9,26,Missed Shot,Turnaround Jump Shot,2PT Field Goal,In The Paint (Non-RA),Left Side(L),8-16 ft.,8,-69,52,1,0,20260420,DEN,MIN,42500162611,23140,0,1630183,0,PS,2026,203932,-3.0,PF,Wing Stopper,-0.6992454115603068,MISS McDaniels 9' Turnaround Jump Shot,PF,Athletic Finisher,-1.5900663152586745,,DEN,1610612743.0,611
Shot Chart Detail,42500162,614,1630183,Jaden McDaniels,1610612750,Minnesota Timberwolves,4,9,13,Made Shot,Driving Layup Shot,2PT Field Goal,Restricted Area,Center(C),Less Than 8 ft.,3,15,36,1,1,20260420,DEN,MIN,42500162614,23270,0,1630183,1,PS,2026,1629661,-1.0,SF,Helper,-0.2852304748086314,McDaniels 4' Driving Layup (12 PTS) (Dosunmu 5 AST),PF,Athletic Finisher,-1.5900663152586745,1630245.0,DEN,1610612743.0,614
Shot Chart Detail,42500162,627,1629675,Naz Reid,1610612750,Minnesota Timberwolves,4,8,30,Missed Shot,Driving Floating Jump Shot,2PT Field Goal,In The Paint (Non-RA),Center(C),Less Than 8 ft.,5,1,59,1,0,20260420,DEN,MIN,42500162627,23700,0,1629675,0,PS,2026,1628971,-3.0,SG,Point of Attack,0.148948324007754,MISS Reid 6' Driving Floating Jump Shot,C,Movement Shooter,-0.0562391500311225,,DEN,1610612743.0,627
Shot Chart Detail,42500162,631,1630245,Ayo Dosunmu,1610612750,Minnesota Timberwolves,4,8,12,Missed Shot,Driving Layup Shot,2PT Field Goal,Restricted Area,Center(C),Less Than 8 ft.,3,32,14,1,0,20260420,DEN,MIN,42500162631,23880,0,1630245,0,PS,2026,1629661,-5.0,SF,Helper,-0.2852304748086314,MISS Dosunmu 3' Driving Layup,SG,Primary Ball Handler,-0.1102469015304618,,DEN,1610612743.0,631
Shot Chart Detail,42500162,638,1630162,Anthony Edwards,1610612750,Minnesota Timberwolves,4,7,43,Missed Shot,Pullup Jump shot,3PT Field Goal,Above the Break 3,Left Side Center(LC),24+ ft.,25,-80,246,1,0,20260420,DEN,MIN,42500162638,24170,0,1630162,0,PS,2026,203999,-5.0,C,Anchor Big,0.9357439192517852,MISS Edwards 26' 3PT Pullup Jump Shot,SG,Shot Creator,2.364883849706442,,DEN,1610612743.0,638
Shot Chart Detail,42500162,648,1628978,Donte DiVincenzo,1610612750,Minnesota Timberwolves,4,7,9,Missed Shot,Jump Shot,3PT Field Goal,Left Corner 3,Left Side(L),24+ ft.,22,-228,5,1,0,20260420,DEN,MIN,42500162648,24510,0,1628978,0,PS,2026,1627750,-5.0,PG,Chaser,-1.5348110549023566,MISS DiVincenzo 3PT Jump Shot,SG,Movement Shooter,-0.1013777400144902,,DEN,1610612743.0,648
Shot Chart Detail,42500162,652,1630162,Anthony Edwards,1610612750,Minnesota Timberwolves,4,6,40,Made Shot,Driving Layup Shot,2PT Field Goal,Restricted Area,Center(C),Less Than 8 ft.,2,9,24,1,1,20260420,DEN,MIN,42500162652,24800,0,1630162,1,PS,2026,1627750|203999,-3.0,,,,,SG,Shot Creator,2.364883849706442,203944.0,DEN,1610612743.0,652
Shot Chart Detail,42500162,669,203497,Rudy Gobert,1610612750,Minnesota Timberwolves,4,5,39,Missed Shot,Floating Jump shot,2PT Field Goal,In The Paint (Non-RA),Center(C),Less Than 8 ft.,5,43,30,1,0,20260420,DEN,MIN,42500162669,25410,0,203497,0,PS,2026,203999,-3.0,C,Anchor Big,0.9357439192517852,Jokic BLOCK (1 BLK),C,Roll + Cut Big,-0.8323184861176893,,DEN,1610612743.0,669
Shot Chart Detail,42500162,672,203944,Julius Randle,1610612750,Minnesota Timberwolves,4,5,32,Made Shot,Driving Layup Shot,2PT Field Goal,Restricted Area,Center(C),Less Than 8 ft.,1,-6,14,1,1,20260420,DEN,MIN,42500162672,25480,0,203944,0,PS,2026,203999,-1.0,C,Anchor Big,0.9357439192517852,Randle 2' Driving Layup (22 PTS),PF,Shot Creator,1.1602929479119164,,DEN,1610612743.0,672
Shot Chart Detail,42500162,675,1630183,Jaden McDaniels,1610612750,Minnesota Timberwolves,4,5,6,Missed Shot,Jump Shot,3PT Field Goal,Right Corner 3,Right Side(R),24+ ft.,23,237,30,1,0,20260420,DEN,MIN,42500162675,25740,0,1630183,0,PS,2026,203932,-1.0,PF,Wing Stopper,-0.6992454115603068,MISS McDaniels 24' 3PT Jump Shot,PF,Athletic Finisher,-1.5900663152586745,,DEN,1610612743.0,675
Shot Chart Detail,42500162,679,1630183,Jaden McDaniels,1610612750,Minnesota Timberwolves,4,4,34,Made Shot,Running Dunk Shot,2PT Field Goal,Restricted Area,Center(C),Less Than 8 ft.,1,10,-13,1,1,20260420,DEN,MIN,42500162679,26060,0,1630183,1,PS,2026,203501,1.0,SG,Chaser,-1.2577100654646465,McDaniels 2' Running Dunk (14 PTS) (DiVincenzo 6 AST),PF,Athletic Finisher,-1.5900663152586745,1628978.0,DEN,1610612743.0,679
Shot Chart Detail,42500162,683,1628978,Donte DiVincenzo,1610612750,Minnesota Timberwolves,4,4,6,Made Shot,Running Layup Shot,2PT Field Goal,Restricted Area,Center(C),Less Than 8 ft.,0,6,3,1,1,20260420,DEN,MIN,42500162683,26340,0,1628978,0,PS,2026,1627750,3.0,PG,Chaser,-1.5348110549023566,DiVincenzo 1' Running Layup (11 PTS),SG,Movement Shooter,-0.1013777400144902,,DEN,1610612743.0,683
Shot Chart Detail,42500162,687,1630162,Anthony Edwards,1610612750,Minnesota Timberwolves,4,3,42,Missed Shot,Pullup Jump shot,3PT Field Goal,Above the Break 3,Right Side Center(RC),24+ ft.,26,137,225,1,0,20260420,DEN,MIN,42500162687,26580,0,1630162,0,PS,2026,203999,3.0,C,Anchor Big,0.9357439192517852,MISS Edwards 26' 3PT Pullup Jump Shot,SG,Shot Creator,2.364883849706442,,DEN,1610612743.0,687
Shot Chart Detail,42500162,707,1630162,Anthony Edwards,1610612750,Minnesota Timberwolves,4,2,10,Missed Shot,Fadeaway Jump Shot,2PT Field Goal,Mid-Range,Right Side(R),8-16 ft.,12,116,52,1,0,20260420,DEN,MIN,42500162707,27500,0,1630162,0,PS,2026,203932,2.0,PF,Wing Stopper,-0.6992454115603068,MISS Edwards 13' Fadeaway Jumper,SG,Shot Creator,2.364883849706442,,DEN,1610612743.0,707
Shot Chart Detail,42500162,709,203497,Rudy Gobert,1610612750,Minnesota Timberwolves,4,2,6,Made Shot,Putback Dunk Shot,2PT Field Goal,Restricted Area,Center(C),Less Than 8 ft.,1,11,4,1,1,20260420,DEN,MIN,42500162709,27540,0,203497,0,PS,2026,203999,4.0,C,Anchor Big,0.9357439192517852,Gobert 1' Putback Dunk (2 PTS),C,Roll + Cut Big,-0.8323184861176893,,DEN,1610612743.0,709
Shot Chart Detail,42500162,712,1630183,Jaden McDaniels,1610612750,Minnesota Timberwolves,4,1,27,Missed Shot,Fadeaway Jump Shot,2PT Field Goal,Mid-Range,Right Side Center(RC),16-24 ft.,16,78,142,1,0,20260420,DEN,MIN,42500162712,27930,0,1630183,0,PS,2026,203501,4.0,SG,Chaser,-1.2577100654646465,MISS McDaniels 16' Fadeaway Jumper,PF,Athletic Finisher,-1.5900663152586745,,DEN,1610612743.0,712
Shot Chart Detail,42500162,717,1628978,Donte DiVincenzo,1610612750,Minnesota Timberwolves,4,1,5,Made Shot,Jump Shot,3PT Field Goal,Above the Break 3,Right Side Center(RC),24+ ft.,27,152,235,1,1,20260420,DEN,MIN,42500162717,28150,0,1628978,1,PS,2026,1631128,4.0,SG,Point of Attack,-0.0009793024083802,DiVincenzo 28' 3PT Jump Shot (14 PTS) (Edwards 2 AST),SG,Movement Shooter,-0.1013777400144902,1630162.0,DEN,1610612743.0,717
Shot Chart Detail,42500162,742,1628978,Donte DiVincenzo,1610612750,Minnesota Timberwolves,4,0,3,Made Shot,Running Dunk Shot,2PT Field Goal,Restricted Area,Center(C),Less Than 8 ft.,1,11,1,1,1,20260420,DEN,MIN,42500162742,28770,0,1628978,1,PS,2026,,,,,,,SG,Movement Shooter,-0.1013777400144902,203944.0,DEN,1610612743.0,742
