GRID_TYPE,GAME_ID,GAME_EVENT_ID,PLAYER_ID,PLAYER_NAME,TEAM_ID,TEAM_NAME,PERIOD,MINUTES_REMAINING,SECONDS_REMAINING,EVENT_TYPE,ACTION_TYPE,SHOT_TYPE,SHOT_ZONE_BASIC,SHOT_ZONE_AREA,SHOT_ZONE_RANGE,SHOT_DISTANCE,LOC_X,LOC_Y,SHOT_ATTEMPTED_FLAG,SHOT_MADE_FLAG,GAME_DATE,HTM,VTM,SHOT_ID,time,extra,PLAYERS_ON,assisted,season_type,year,DEF_ID,DEF_POSITION,DEF_ROLE,D_LEBRON,OFF_POSITION,OFF_ROLE,O_LEBRON
Shot Chart Detail,22400008,126,1629638,Nickeil Alexander-Walker,1610612750,Minnesota Timberwolves,1,2,37,Missed Shot,Driving Floating Bank Jump Shot,2PT Field Goal,In The Paint (Non-RA),Center(C),Less Than 8 ft.,7,-74,26,1,0,20241112,POR,MIN,22400008126,5630,0,203944|1628978|1629638|1629675|1630162,0,REG,2025,1630625|1629057,,,,SG,Primary Ball Handler,-0.4379056766882777
Shot Chart Detail,22400008,130,203944,Julius Randle,1610612750,Minnesota Timberwolves,1,2,8,Missed Shot,Layup Shot,2PT Field Goal,In The Paint (Non-RA),Center(C),Less Than 8 ft.,5,-56,10,1,0,20241112,POR,MIN,22400008130,5920,0,203944|1628978|1629638|1629675|1630162,0,REG,2025,1641712|1629057,,,,PF,Shot Creator,1.1480823793279735
Shot Chart Detail,22400008,135,1628978,Donte DiVincenzo,1610612750,Minnesota Timberwolves,1,1,37,Made Shot,Step Back Jump shot,3PT Field Goal,Above the Break 3,Left Side Center(LC),24+ ft.,27,-91,262,1,1,20241112,POR,MIN,22400008135,6230,0,203944|1628978|1629638|1629675|1630162,0,REG,2025,1629057,C,Anchor Big,3.0556637685991035,SG,Off Screen Shooter,0.8187705820330461
Shot Chart Detail,22400008,260,1629675,Naz Reid,1610612750,Minnesota Timberwolves,2,4,33,Made Shot,Cutting Dunk Shot,2PT Field Goal,Restricted Area,Center(C),Less Than 8 ft.,0,-5,-5,1,1,20241112,POR,MIN,22400008260,11670,0,201144|203944|1629675|1630162|1630183,1,REG,2025,1629057,C,Anchor Big,3.0556637685991035,C,Movement Shooter,0.5665367312270847
Shot Chart Detail,22400008,358,1630183,Jaden McDaniels,1610612750,Minnesota Timberwolves,3,7,57,Made Shot,Driving Floating Bank Jump Shot,2PT Field Goal,In The Paint (Non-RA),Right Side(R),8-16 ft.,11,58,99,1,1,20241112,POR,MIN,22400008358,16830,0,201144|203497|203944|1630162|1630183,0,REG,2025,1629057,C,Anchor Big,3.0556637685991035,PF,Stationary Shooter,-0.6040791257403015
Shot Chart Detail,22400008,427,1629675,Naz Reid,1610612750,Minnesota Timberwolves,3,2,49,Missed Shot,Jump Shot,3PT Field Goal,Above the Break 3,Center(C),24+ ft.,29,-91,284,1,0,20241112,POR,MIN,22400008427,19910,0,203944|1628978|1629638|1629675|1630162,0,REG,2025,1629057,C,Anchor Big,3.0556637685991035,C,Movement Shooter,0.5665367312270847
Shot Chart Detail,22400008,433,1629675,Naz Reid,1610612750,Minnesota Timberwolves,3,2,24,Missed Shot,Driving Layup Shot,2PT Field Goal,Restricted Area,Center(C),Less Than 8 ft.,1,2,19,1,0,20241112,POR,MIN,22400008433,20160,0,203944|1628978|1629638|1629675|1630162,0,REG,2025,1629057,C,Anchor Big,3.0556637685991035,C,Movement Shooter,0.5665367312270847
Shot Chart Detail,22400008,456,1628978,Donte DiVincenzo,1610612750,Minnesota Timberwolves,3,1,5,Missed Shot,Step Back Jump shot,3PT Field Goal,Above the Break 3,Right Side Center(RC),24+ ft.,26,130,229,1,0,20241112,POR,MIN,22400008456,20950,0,203497|1628978|1629638|1629675|1630162,0,REG,2025,1629057,C,Anchor Big,3.0556637685991035,SG,Off Screen Shooter,0.8187705820330461
Shot Chart Detail,22400008,597,1630162,Anthony Edwards,1610612750,Minnesota Timberwolves,4,2,53,Made Shot,Pullup Jump shot,3PT Field Goal,Above the Break 3,Left Side Center(LC),24+ ft.,25,-228,108,1,1,20241112,POR,MIN,22400008597,27070,0,203944|1629638|1629675|1630162|1630183,0,REG,2025,1629057,C,Anchor Big,3.0556637685991035,SG,Shot Creator,2.867581284631017
Shot Chart Detail,22400031,63,1630224,Jalen Green,1610612745,Houston Rockets,1,6,52,Made Shot,Step Back Jump shot,3PT Field Goal,Right Corner 3,Right Side(R),24+ ft.,24,240,60,1,1,20241122,HOU,POR,2240003163,3080,0,1627832|1628415|1630224|1630578|1631095,0,REG,2025,1629057,C,Anchor Big,3.0556637685991035,SG,Primary Ball Handler,0.6198065527084115
Shot Chart Detail,22400031,80,1630578,Alperen Sengun,1610612745,Houston Rockets,1,5,35,Missed Shot,Driving Layup Shot,2PT Field Goal,Restricted Area,Center(C),Less Than 8 ft.,3,15,29,1,0,20241122,HOU,POR,2240003180,3850,0,1627832|1628415|1630224|1630578|1631095,0,REG,2025,1629057,C,Anchor Big,3.0556637685991035,C,Shot Creator,1.0231730642498684
Shot Chart Detail,22400031,84,1628415,Dillon Brooks,1610612745,Houston Rockets,1,5,3,Missed Shot,Jump Shot,3PT Field Goal,Above the Break 3,Right Side Center(RC),24+ ft.,27,143,232,1,0,20241122,HOU,POR,2240003184,4170,0,1627832|1628415|1630224|1630578|1631095,0,REG,2025,1629057,C,Anchor Big,3.0556637685991035,SF,Movement Shooter,-0.9348837431261766
Shot Chart Detail,22400031,128,1641708,Amen Thompson,1610612745,Houston Rockets,1,2,49,Missed Shot,Driving Floating Jump Shot,2PT Field Goal,In The Paint (Non-RA),Left Side(L),8-16 ft.,9,-58,75,1,0,20241122,HOU,POR,22400031128,5510,0,203500|1627832|1628415|1631106|1641708,0,REG,2025,1629057,C,Anchor Big,3.0556637685991035,SF,Roll + Cut Big,-0.1864166989924408
Shot Chart Detail,22400031,208,1630224,Jalen Green,1610612745,Houston Rockets,2,9,42,Missed Shot,Pullup Jump shot,3PT Field Goal,Above the Break 3,Right Side Center(RC),24+ ft.,26,123,230,1,0,20241122,HOU,POR,22400031208,8580,0,203500|1630224|1631106|1641708|1642263,0,REG,2025,1629057,C,Anchor Big,3.0556637685991035,SG,Primary Ball Handler,0.6198065527084115
Shot Chart Detail,22400031,213,1630224,Jalen Green,1610612745,Houston Rockets,2,9,9,Made Shot,Pullup Jump shot,2PT Field Goal,Mid-Range,Right Side(R),8-16 ft.,14,109,91,1,1,20241122,HOU,POR,22400031213,8910,0,203500|1630224|1631106|1641708|1642263,0,REG,2025,1629057,C,Anchor Big,3.0556637685991035,SG,Primary Ball Handler,0.6198065527084115
Shot Chart Detail,22400031,230,1631106,Tari Eason,1610612745,Houston Rockets,2,8,19,Missed Shot,Running Layup Shot,2PT Field Goal,Restricted Area,Center(C),Less Than 8 ft.,2,7,25,1,0,20241122,HOU,POR,22400031230,9410,0,1627832|1630578|1631095|1631106|1641708,0,REG,2025,1629057,C,Anchor Big,3.0556637685991035,PF,Stationary Shooter,-0.1393948123881913
Shot Chart Detail,22400031,237,1627832,Fred VanVleet,1610612745,Houston Rockets,2,8,7,Missed Shot,Pullup Jump shot,3PT Field Goal,Above the Break 3,Right Side Center(RC),24+ ft.,25,85,239,1,0,20241122,HOU,POR,22400031237,9530,0,1627832|1630578|1631095|1631106|1641708,0,REG,2025,1629057,C,Anchor Big,3.0556637685991035,PG,Primary Ball Handler,0.4999538271682771
Shot Chart Detail,22400031,258,1630578,Alperen Sengun,1610612745,Houston Rockets,2,7,0,Made Shot,Driving Dunk Shot,2PT Field Goal,Restricted Area,Center(C),Less Than 8 ft.,3,7,36,1,1,20241122,HOU,POR,22400031258,10200,0,1627832|1630578|1631095|1631106|1641708,0,REG,2025,1629057,C,Anchor Big,3.0556637685991035,C,Shot Creator,1.0231730642498684
Shot Chart Detail,22400031,265,1641708,Amen Thompson,1610612745,Houston Rockets,2,5,48,Made Shot,Tip Layup Shot,2PT Field Goal,Restricted Area,Center(C),Less Than 8 ft.,3,-22,29,1,1,20241122,HOU,POR,22400031265,10920,0,1627832|1630578|1631095|1631106|1641708,0,REG,2025,1629057,C,Anchor Big,3.0556637685991035,SF,Roll + Cut Big,-0.1864166989924408
Shot Chart Detail,22400031,507,1630224,Jalen Green,1610612745,Houston Rockets,3,2,17,Missed Shot,Pullup Jump shot,3PT Field Goal,Above the Break 3,Right Side Center(RC),24+ ft.,24,159,190,1,0,20241122,HOU,POR,22400031507,20230,0,203500|1630224|1631106|1641708|1642263,0,REG,2025,1629057,C,Anchor Big,3.0556637685991035,SG,Primary Ball Handler,0.6198065527084115
Shot Chart Detail,22400031,509,1641708,Amen Thompson,1610612745,Houston Rockets,3,2,6,Missed Shot,Driving Layup Shot,2PT Field Goal,Restricted Area,Center(C),Less Than 8 ft.,1,-10,15,1,0,20241122,HOU,POR,22400031509,20340,0,203500|1630224|1631106|1641708|1642263,0,REG,2025,1629057,C,Anchor Big,3.0556637685991035,SF,Roll + Cut Big,-0.1864166989924408
Shot Chart Detail,22400031,535,1642263,Reed Sheppard,1610612745,Houston Rockets,3,0,33,Missed Shot,Pullup Jump shot,3PT Field Goal,Above the Break 3,Right Side Center(RC),24+ ft.,25,151,201,1,0,20241122,HOU,POR,22400031535,21270,0,203500|1630224|1631106|1641708|1642263,0,REG,2025,1629057,C,Anchor Big,3.0556637685991035,PG,Secondary Ball Handler,-1.5615989726824877
Shot Chart Detail,22400193,198,1628978,Donte DiVincenzo,1610612750,Minnesota Timberwolves,2,9,15,Missed Shot,Pullup Jump shot,3PT Field Goal,Above the Break 3,Left Side Center(LC),24+ ft.,25,-156,201,1,0,20241108,MIN,POR,22400193198,8850,0,201144|203944|1628978|1629638|1629675,0,REG,2025,1629057|1641739,,,,SG,Off Screen Shooter,0.8187705820330461
Shot Chart Detail,22400193,211,203944,Julius Randle,1610612750,Minnesota Timberwolves,2,8,13,Missed Shot,Turnaround Jump Shot,2PT Field Goal,In The Paint (Non-RA),Center(C),Less Than 8 ft.,5,-21,47,1,0,20241108,MIN,POR,22400193211,9470,0,201144|203497|203944|1628978|1629638,0,REG,2025,1629057|1641739,,,,PF,Shot Creator,1.1480823793279735
Shot Chart Detail,22400193,260,1630162,Anthony Edwards,1610612750,Minnesota Timberwolves,2,4,52,Missed Shot,Driving Floating Jump Shot,2PT Field Goal,In The Paint (Non-RA),Right Side(R),8-16 ft.,8,47,68,1,0,20241108,MIN,POR,22400193260,11480,0,203497|1628978|1630162|1630183|1631169,0,REG,2025,1630166|1629057,,,,SG,Shot Creator,2.867581284631017
Shot Chart Detail,22400193,409,201144,Mike Conley,1610612750,Minnesota Timberwolves,3,7,21,Missed Shot,Driving Finger Roll Layup Shot,2PT Field Goal,Restricted Area,Center(C),Less Than 8 ft.,2,-1,20,1,0,20241108,MIN,POR,22400193409,17190,0,201144|203497|203944|1630162|1630183,0,REG,2025,1629057,C,Anchor Big,3.0556637685991035,PG,Primary Ball Handler,0.5056480051439332
Shot Chart Detail,22400193,420,1628978,Donte DiVincenzo,1610612750,Minnesota Timberwolves,3,6,44,Missed Shot,Step Back Jump shot,3PT Field Goal,Above the Break 3,Right Side Center(RC),24+ ft.,25,159,194,1,0,20241108,MIN,POR,22400193420,17560,0,203497|203944|1628978|1629638|1630183,0,REG,2025,1629057,C,Anchor Big,3.0556637685991035,SG,Off Screen Shooter,0.8187705820330461
Shot Chart Detail,22400193,423,203497,Rudy Gobert,1610612750,Minnesota Timberwolves,3,6,34,Missed Shot,Turnaround Jump Shot,2PT Field Goal,In The Paint (Non-RA),Center(C),Less Than 8 ft.,7,10,79,1,0,20241108,MIN,POR,22400193423,17660,0,203497|203944|1628978|1629638|1630183,0,REG,2025,1629057,C,Anchor Big,3.0556637685991035,C,Roll + Cut Big,-0.2200865050968684
Shot Chart Detail,22400193,425,203944,Julius Randle,1610612750,Minnesota Timberwolves,3,6,28,Missed Shot,Step Back Jump shot,3PT Field Goal,Above the Break 3,Left Side Center(LC),24+ ft.,25,-222,115,1,0,20241108,MIN,POR,22400193425,17720,0,203497|203944|1628978|1629638|1630183,0,REG,2025,1629057,C,Anchor Big,3.0556637685991035,PF,Shot Creator,1.1480823793279735
Shot Chart Detail,22400193,458,1628978,Donte DiVincenzo,1610612750,Minnesota Timberwolves,3,4,9,Missed Shot,Pullup Jump shot,3PT Field Goal,Above the Break 3,Center(C),24+ ft.,25,75,247,1,0,20241108,MIN,POR,22400193458,19110,0,203944|1628978|1629638|1629675|1630162,0,REG,2025,1629057,C,Anchor Big,3.0556637685991035,SG,Off Screen Shooter,0.8187705820330461
Shot Chart Detail,22400210,128,1628991,Jaren Jackson Jr.,1610612763,Memphis Grizzlies,1,2,22,Missed Shot,Driving Hook Shot,2PT Field Goal,In The Paint (Non-RA),Center(C),Less Than 8 ft.,6,-33,57,1,0,20241110,POR,MEM,22400210128,5780,0,1628379|1628991|1630590|1631222|1641744,0,REG,2025,1629057,C,Anchor Big,3.0556637685991035,C,Shot Creator,1.250244990737248
Shot Chart Detail,22400210,188,1630643,Jay Huff,1610612763,Memphis Grizzlies,2,10,50,Made Shot,Jump Shot,3PT Field Goal,Above the Break 3,Left Side Center(LC),24+ ft.,26,-159,217,1,1,20241110,POR,MEM,22400210188,7900,0,1628991|1629723|1630583|1630643|1642377,1,REG,2025,1629057,C,Anchor Big,3.0556637685991035,C,Stationary Shooter,0.3034012047108063
Shot Chart Detail,22400210,192,1629723,John Konchar,1610612763,Memphis Grizzlies,2,10,19,Missed Shot,Jump Shot,3PT Field Goal,Above the Break 3,Right Side Center(RC),24+ ft.,24,210,131,1,0,20241110,POR,MEM,22400210192,8210,0,1628991|1629723|1630583|1630643|1642377,0,REG,2025,1629057,C,Anchor Big,3.0556637685991035,SG,Stationary Shooter,-1.6193110206234331
Shot Chart Detail,22400210,229,1628991,Jaren Jackson Jr.,1610612763,Memphis Grizzlies,2,8,14,Made Shot,Driving Hook Shot,2PT Field Goal,In The Paint (Non-RA),Center(C),Less Than 8 ft.,5,5,55,1,1,20241110,POR,MEM,22400210229,9460,0,1628991|1629723|1630583|1630643|1642377,1,REG,2025,1629057,C,Anchor Big,3.0556637685991035,C,Shot Creator,1.250244990737248
Shot Chart Detail,22400210,443,1642377,Jaylen Wells,1610612763,Memphis Grizzlies,3,6,57,Made Shot,Jump Shot,3PT Field Goal,Above the Break 3,Right Side Center(RC),24+ ft.,26,113,240,1,1,20241110,POR,MEM,22400210443,17430,0,1628379|1629634|1630583|1631222|1642377,1,REG,2025,1629057,C,Anchor Big,3.0556637685991035,SG,Movement Shooter,-0.3589702693959498
Shot Chart Detail,22400239,178,1630168,Onyeka Okongwu,1610612737,Atlanta Hawks,1,0,27,Missed Shot,Jump Shot,3PT Field Goal,Right Corner 3,Right Side(R),24+ ft.,23,228,37,1,0,20241117,POR,ATL,22400239178,6930,0,1629726|1630168|1630249|1630552|1630811,0,REG,2025,1629057,C,Anchor Big,3.0556637685991035,C,Roll + Cut Big,0.3327805715900787
Shot Chart Detail,22400239,218,1630249,Vít Krejčí,1610612737,Atlanta Hawks,2,9,48,Made Shot,Pullup Jump shot,3PT Field Goal,Above the Break 3,Right Side Center(RC),24+ ft.,28,130,257,1,1,20241117,POR,ATL,22400239218,8520,0,1630168|1630249|1630552|1630811|1642258,1,REG,2025,1629057,C,Anchor Big,3.0556637685991035,PG,Movement Shooter,-0.8802483809062078
Shot Chart Detail,22400239,519,1630249,Vít Krejčí,1610612737,Atlanta Hawks,3,2,4,Missed Shot,Jump Shot,3PT Field Goal,Above the Break 3,Center(C),24+ ft.,30,-10,300,1,0,20241117,POR,ATL,22400239519,20360,0,1629726|1630168|1630249|1630552|1630811,0,REG,2025,1629057,C,Anchor Big,3.0556637685991035,PG,Movement Shooter,-0.8802483809062078
Shot Chart Detail,22400239,662,1629027,Trae Young,1610612737,Atlanta Hawks,4,3,59,Made Shot,Jump Shot,3PT Field Goal,Above the Break 3,Center(C),24+ ft.,29,1,291,1,1,20241117,POR,ATL,22400239662,26410,0,1629027|1630168|1630249|1630552|1630700,1,REG,2025,1629057,C,Anchor Big,3.0556637685991035,PG,Primary Ball Handler,2.8957990098098287
Shot Chart Detail,22400239,670,1630168,Onyeka Okongwu,1610612737,Atlanta Hawks,4,3,8,Missed Shot,Tip Layup Shot,2PT Field Goal,Restricted Area,Center(C),Less Than 8 ft.,0,0,0,1,0,20241117,POR,ATL,22400239670,26920,0,1629027|1630168|1630249|1630552|1630700,0,REG,2025,1629057,C,Anchor Big,3.0556637685991035,C,Roll + Cut Big,0.3327805715900787
Shot Chart Detail,22400256,78,1629652,Luguentz Dort,1610612760,Oklahoma City Thunder,1,5,18,Missed Shot,Jump Shot,3PT Field Goal,Left Corner 3,Left Side(L),24+ ft.,23,-237,-12,1,0,20241120,OKC,POR,2240025678,4020,0,1628983|1629652|1630598|1641717|1641794,0,REG,2025,1629057,C,Anchor Big,3.0556637685991035,SF,Movement Shooter,-0.2965098000767909
Shot Chart Detail,22400256,115,1642349,Ajay Mitchell,1610612760,Oklahoma City Thunder,1,3,6,Missed Shot,Pullup Jump shot,2PT Field Goal,Mid-Range,Left Side Center(LC),16-24 ft.,20,-118,162,1,0,20241120,OKC,POR,22400256115,5340,0,1627936|1628392|1628983|1631114|1642349,0,REG,2025,1629057,C,Anchor Big,3.0556637685991035,SG,Secondary Ball Handler,-1.3344201721673357
Shot Chart Detail,22400256,119,1627936,Alex Caruso,1610612760,Oklahoma City Thunder,1,2,33,Made Shot,Driving Floating Jump Shot,2PT Field Goal,Restricted Area,Center(C),Less Than 8 ft.,0,4,9,1,1,20241120,OKC,POR,22400256119,5670,0,1627936|1628392|1628983|1631114|1642349,0,REG,2025,1629057|1630703,,,,SG,Movement Shooter,0.283990172146485
Shot Chart Detail,22400256,122,1627936,Alex Caruso,1610612760,Oklahoma City Thunder,1,2,3,Made Shot,Driving Layup Shot,2PT Field Goal,Restricted Area,Center(C),Less Than 8 ft.,0,-7,3,1,1,20241120,OKC,POR,22400256122,5970,0,1627936|1628392|1628983|1631114|1642349,1,REG,2025,1629057,C,Anchor Big,3.0556637685991035,SG,Movement Shooter,0.283990172146485
Shot Chart Detail,22400256,130,1628392,Isaiah Hartenstein,1610612760,Oklahoma City Thunder,1,1,25,Made Shot,Tip Dunk Shot,2PT Field Goal,Restricted Area,Center(C),Less Than 8 ft.,0,0,0,1,1,20241120,OKC,POR,22400256130,6350,0,1627936|1628392|1628983|1631114|1642349,0,REG,2025,1629057|1631101,,,,C,Roll + Cut Big,0.1425948733429524
Shot Chart Detail,22400256,141,1628392,Isaiah Hartenstein,1610612760,Oklahoma City Thunder,1,0,34,Missed Shot,Driving Hook Shot,2PT Field Goal,In The Paint (Non-RA),Center(C),Less Than 8 ft.,7,-59,51,1,0,20241120,OKC,POR,22400256141,6860,0,1628392|1628983|1631114|1641745|1642349,0,REG,2025,1629057,C,Anchor Big,3.0556637685991035,C,Roll + Cut Big,0.1425948733429524
Shot Chart Detail,22400256,169,1628392,Isaiah Hartenstein,1610612760,Oklahoma City Thunder,2,10,51,Missed Shot,Floating Jump shot,2PT Field Goal,In The Paint (Non-RA),Right Side(R),8-16 ft.,12,78,101,1,0,20241120,OKC,POR,22400256169,7890,0,1627936|1628392|1631114|1631172|1642349,0,REG,2025,1629057,C,Anchor Big,3.0556637685991035,C,Roll + Cut Big,0.1425948733429524
Shot Chart Detail,22400256,318,1629026,Kenrich Williams,1610612760,Oklahoma City Thunder,2,0,43,Made Shot,Reverse Layup Shot,2PT Field Goal,Restricted Area,Center(C),Less Than 8 ft.,0,6,-6,1,1,20241120,OKC,POR,22400256318,13970,0,1627936|1628983|1629026|1631114|1642349,1,REG,2025,1629057,C,Anchor Big,3.0556637685991035,PF,Stationary Shooter,-0.4210887685183178
Shot Chart Detail,22400256,444,1641794,Dillon Jones,1610612760,Oklahoma City Thunder,3,4,44,Missed Shot,Driving Layup Shot,2PT Field Goal,In The Paint (Non-RA),Center(C),Less Than 8 ft.,4,32,38,1,0,20241120,OKC,POR,22400256444,18760,0,1628392|1628983|1629652|1641794|1642349,0,REG,2025,1629057,C,Anchor Big,3.0556637685991035,SF,Movement Shooter,-1.5895285540255846
Shot Chart Detail,22400256,451,1642349,Ajay Mitchell,1610612760,Oklahoma City Thunder,3,3,51,Missed Shot,Jump Shot,3PT Field Goal,Right Corner 3,Right Side(R),24+ ft.,22,228,4,1,0,20241120,OKC,POR,22400256451,19290,0,1628392|1628983|1629652|1641794|1642349,0,REG,2025,1629057,C,Anchor Big,3.0556637685991035,SG,Secondary Ball Handler,-1.3344201721673357
Shot Chart Detail,22400256,486,1631114,Jalen Williams,1610612760,Oklahoma City Thunder,3,1,46,Missed Shot,Driving Layup Shot,2PT Field Goal,Restricted Area,Center(C),Less Than 8 ft.,3,18,31,1,0,20241120,OKC,POR,22400256486,20540,0,1627936|1628392|1628983|1631114|1642349,0,REG,2025,1629057,C,Anchor Big,3.0556637685991035,SG,Slasher,2.264667471916458
Shot Chart Detail,22400256,492,1642349,Ajay Mitchell,1610612760,Oklahoma City Thunder,3,1,12,Made Shot,Pullup Jump shot,2PT Field Goal,In The Paint (Non-RA),Center(C),Less Than 8 ft.,7,60,52,1,1,20241120,OKC,POR,22400256492,20880,0,1627936|1628392|1628983|1631114|1642349,0,REG,2025,1630625|1629057,,,,SG,Secondary Ball Handler,-1.3344201721673357
Shot Chart Detail,22400256,586,1628983,Shai Gilgeous-Alexander,1610612760,Oklahoma City Thunder,4,6,52,Made Shot,Driving Layup Shot,2PT Field Goal,Restricted Area,Center(C),Less Than 8 ft.,1,-11,7,1,1,20241120,OKC,POR,22400256586,24680,0,1628392|1628983|1629652|1631114|1641717,0,REG,2025,1629057,C,Anchor Big,3.0556637685991035,PG,Shot Creator,5.855857909651224
Shot Chart Detail,22400282,214,1629630,Ja Morant,1610612763,Memphis Grizzlies,2,9,41,Made Shot,Running Dunk Shot,2PT Field Goal,Restricted Area,Center(C),Less Than 8 ft.,0,-4,3,1,1,20241125,MEM,POR,22400282214,8590,0,203935|1628991|1629630|1629634|1630590,1,REG,2025,1629057,C,Anchor Big,3.0556637685991035,PG,Shot Creator,2.398497046449515
Shot Chart Detail,22400282,222,1630590,Scotty Pippen Jr.,1610612763,Memphis Grizzlies,2,8,51,Missed Shot,Running Finger Roll Layup Shot,2PT Field Goal,Restricted Area,Center(C),Less Than 8 ft.,1,-16,10,1,0,20241125,MEM,POR,22400282222,9090,0,1628379|1628991|1629630|1629634|1630590,0,REG,2025,1629057|1631101,,,,PG,Primary Ball Handler,0.3948387976716888
Shot Chart Detail,22400282,240,1629630,Ja Morant,1610612763,Memphis Grizzlies,2,7,54,Missed Shot,Turnaround Fadeaway shot,2PT Field Goal,Mid-Range,Right Side(R),8-16 ft.,12,120,16,1,0,20241125,MEM,POR,22400282240,9660,0,1628379|1628991|1629630|1629634|1630590,0,REG,2025,1629057,C,Anchor Big,3.0556637685991035,PG,Shot Creator,2.398497046449515
Shot Chart Detail,22400371,139,201566,Russell Westbrook,1610612743,Denver Nuggets,1,1,39,Made Shot,Driving Layup Shot,2PT Field Goal,Restricted Area,Center(C),Less Than 8 ft.,1,-6,-8,1,1,20241219,POR,DEN,22400371139,6210,0,201566|203999|1627750|1631124|1631212,0,REG,2025,1629057,C,Anchor Big,3.0556637685991035,PG,Shot Creator,0.0870376831931599
Shot Chart Detail,22400371,523,201566,Russell Westbrook,1610612743,Denver Nuggets,4,9,35,Made Shot,Driving Layup Shot,2PT Field Goal,Restricted Area,Center(C),Less Than 8 ft.,1,-11,5,1,1,20241219,POR,DEN,22400371523,23050,0,201566|201599|1627750|1631212|1641816,0,REG,2025,1629057,C,Anchor Big,3.0556637685991035,PG,Shot Creator,0.0870376831931599
Shot Chart Detail,22400371,526,201566,Russell Westbrook,1610612743,Denver Nuggets,4,9,1,Missed Shot,Pullup Jump shot,3PT Field Goal,Above the Break 3,Center(C),24+ ft.,27,53,265,1,0,20241219,POR,DEN,22400371526,23390,0,201566|201599|1627750|1631212|1641816,0,REG,2025,1629057,C,Anchor Big,3.0556637685991035,PG,Shot Creator,0.0870376831931599
Shot Chart Detail,22400386,482,1630577,Julian Champagnie,1610612759,San Antonio Spurs,3,0,25,Missed Shot,Cutting Dunk Shot,2PT Field Goal,Restricted Area,Center(C),Less Than 8 ft.,0,-3,-3,1,0,20241221,SAS,POR,22400386482,21350,0,1629640|1630200|1630577|1641705|1642264,0,REG,2025,1629057,C,Anchor Big,3.0556637685991035,SF,Movement Shooter,-0.560183194653436
Shot Chart Detail,22400386,544,101108,Chris Paul,1610612759,San Antonio Spurs,4,7,11,Missed Shot,Pullup Jump shot,3PT Field Goal,Above the Break 3,Right Side Center(RC),24+ ft.,26,131,231,1,0,20241221,SAS,POR,22400386544,24490,0,101108|1629640|1629646|1630200|1630577,0,REG,2025,1629057,C,Anchor Big,3.0556637685991035,PG,Shot Creator,0.2383636313094146
Shot Chart Detail,22400447,306,1628997,Caleb Martin,1610612755,Philadelphia 76ers,2,2,51,Missed Shot,Jump Shot,3PT Field Goal,Right Corner 3,Right Side(R),24+ ft.,22,227,26,1,0,20241230,POR,PHI,22400447306,12690,0,203954|1626162|1628997|1630178|1641741,0,REG,2025,1629057,C,Anchor Big,3.0556637685991035,SF,Secondary Ball Handler,-1.93871172243706
Shot Chart Detail,22400447,311,203954,Joel Embiid,1610612755,Philadelphia 76ers,2,2,12,Made Shot,Turnaround Fadeaway shot,2PT Field Goal,Mid-Range,Left Side(L),8-16 ft.,15,-118,104,1,1,20241230,POR,PHI,22400447311,13080,0,203954|1626162|1628997|1630178|1641741,0,REG,2025,1629057,C,Anchor Big,3.0556637685991035,C,Shot Creator,2.381411184074163
Shot Chart Detail,22400447,319,203954,Joel Embiid,1610612755,Philadelphia 76ers,2,1,29,Missed Shot,Step Back Jump shot,2PT Field Goal,Mid-Range,Right Side Center(RC),16-24 ft.,19,97,169,1,0,20241230,POR,PHI,22400447319,13510,0,203954|1626162|1627824|1628997|1630178,0,REG,2025,1629057,C,Anchor Big,3.0556637685991035,C,Shot Creator,2.381411184074163
Shot Chart Detail,22400447,466,202704,Reggie Jackson,1610612755,Philadelphia 76ers,3,1,41,Missed Shot,Pullup Jump shot,3PT Field Goal,Above the Break 3,Right Side Center(RC),24+ ft.,25,121,227,1,0,20241230,POR,PHI,22400447466,20590,0,202331|202704|1626162|1627824|1628997,0,REG,2025,1629057,C,Anchor Big,3.0556637685991035,PG,Secondary Ball Handler,-0.8207746297237584
Shot Chart Detail,22400514,111,1630631,Jose Alvarado,1610612740,New Orleans Pelicans,1,2,14,Missed Shot,Driving Floating Bank Jump Shot,2PT Field Goal,Restricted Area,Center(C),Less Than 8 ft.,2,16,14,1,0,20250108,NOP,POR,22400514111,5860,0,1628464|1630527|1630529|1630631|1641722,0,REG,2025,1629057|1630703,,,,PG,Primary Ball Handler,-0.1172556151243826
Shot Chart Detail,22400514,133,1630527,Brandon Boston,1610612740,New Orleans Pelicans,1,0,39,Missed Shot,Driving Layup Shot,2PT Field Goal,Restricted Area,Center(C),Less Than 8 ft.,1,13,10,1,0,20250108,NOP,POR,22400514133,6810,0,1628464|1630527|1630529|1630631|1641722,0,REG,2025,1629057,C,Anchor Big,3.0556637685991035,SG,Primary Ball Handler,-1.2059355476918774
Shot Chart Detail,22400514,156,1630631,Jose Alvarado,1610612740,New Orleans Pelicans,2,11,3,Missed Shot,Driving Layup Shot,2PT Field Goal,Restricted Area,Center(C),Less Than 8 ft.,2,25,-1,1,0,20250108,NOP,POR,22400514156,7770,0,1628464|1629750|1630527|1630631|1641722,0,REG,2025,1629057,C,Anchor Big,3.0556637685991035,PG,Primary Ball Handler,-0.1172556151243826
Shot Chart Detail,22400514,161,1641722,Jordan Hawkins,1610612740,New Orleans Pelicans,2,10,24,Missed Shot,Driving Layup Shot,2PT Field Goal,Restricted Area,Center(C),Less Than 8 ft.,2,21,17,1,0,20250108,NOP,POR,22400514161,8160,0,1628464|1629750|1630527|1630631|1641722,0,REG,2025,1629057|1631101,,,,SG,Off Screen Shooter,-1.0995395293455257
Shot Chart Detail,22400514,165,1629750,Javonte Green,1610612740,New Orleans Pelicans,2,10,17,Missed Shot,Jump Shot,3PT Field Goal,Above the Break 3,Center(C),24+ ft.,25,2,256,1,0,20250108,NOP,POR,22400514165,8230,0,1628464|1629750|1630527|1630631|1641722,0,REG,2025,1629057,C,Anchor Big,3.0556637685991035,SG,Stationary Shooter,-2.112208268241075
Shot Chart Detail,22400514,194,1630527,Brandon Boston,1610612740,New Orleans Pelicans,2,7,48,Missed Shot,Step Back Jump shot,3PT Field Goal,Above the Break 3,Left Side Center(LC),24+ ft.,24,-147,199,1,0,20250108,NOP,POR,22400514194,9720,0,1629750|1630527|1630631|1641722|1642274,0,REG,2025,1629057,C,Anchor Big,3.0556637685991035,SG,Primary Ball Handler,-1.2059355476918774
Shot Chart Detail,22400514,413,203468,CJ McCollum,1610612740,New Orleans Pelicans,3,3,55,Made Shot,Pullup Jump shot,2PT Field Goal,Mid-Range,Center(C),16-24 ft.,17,-51,169,1,1,20250108,NOP,POR,22400514413,19250,0,203468|1628464|1629750|1630527|1630631,0,REG,2025,1629057,C,Anchor Big,3.0556637685991035,PG,Primary Ball Handler,0.5420112880057681
Shot Chart Detail,22400514,416,1630527,Brandon Boston,1610612740,New Orleans Pelicans,3,3,24,Missed Shot,Driving Layup Shot,2PT Field Goal,Restricted Area,Center(C),Less Than 8 ft.,3,-15,27,1,0,20250108,NOP,POR,22400514416,19560,0,203468|1628464|1629750|1630527|1630631,0,REG,2025,1629057,C,Anchor Big,3.0556637685991035,SG,Primary Ball Handler,-1.2059355476918774
Shot Chart Detail,22400514,451,1630527,Brandon Boston,1610612740,New Orleans Pelicans,3,1,17,Missed Shot,Driving Layup Shot,2PT Field Goal,Restricted Area,Center(C),Less Than 8 ft.,2,-16,16,1,0,20250108,NOP,POR,22400514451,20830,0,203468|1628464|1629750|1630527|1630631,0,REG,2025,1629057|1630703,,,,SG,Primary Ball Handler,-1.2059355476918774
Shot Chart Detail,22400514,453,1630527,Brandon Boston,1610612740,New Orleans Pelicans,3,1,14,Missed Shot,Tip Layup Shot,2PT Field Goal,Restricted Area,Center(C),Less Than 8 ft.,0,0,0,1,0,20250108,NOP,POR,22400514453,20860,0,203468|1628464|1629750|1630527|1630631,0,REG,2025,1629057|1630703,,,,SG,Primary Ball Handler,-1.2059355476918774
Shot Chart Detail,22400514,484,1629750,Javonte Green,1610612740,New Orleans Pelicans,4,11,2,Missed Shot,Jump Shot,3PT Field Goal,Above the Break 3,Right Side Center(RC),24+ ft.,25,205,157,1,0,20250108,NOP,POR,22400514484,22180,0,1629750|1630527|1630631|1641722|1642274,0,REG,2025,1629057,C,Anchor Big,3.0556637685991035,SG,Stationary Shooter,-2.112208268241075
Shot Chart Detail,22400514,487,1630631,Jose Alvarado,1610612740,New Orleans Pelicans,4,10,29,Missed Shot,Turnaround Jump Shot,2PT Field Goal,In The Paint (Non-RA),Center(C),Less Than 8 ft.,5,-18,57,1,0,20250108,NOP,POR,22400514487,22510,0,1629750|1630527|1630631|1641722|1642274,0,REG,2025,1629057,C,Anchor Big,3.0556637685991035,PG,Primary Ball Handler,-0.1172556151243826
Shot Chart Detail,22400575,147,1629645,Kevin Porter Jr.,1610612746,LA Clippers,2,11,40,Made Shot,Step Back Jump shot,2PT Field Goal,Mid-Range,Center(C),8-16 ft.,16,0,160,1,1,20250116,POR,LAC,22400575147,7400,0,201587|1628964|1629599|1629611|1629645,0,REG,2025,1629057,C,Anchor Big,3.0556637685991035,SG,Shot Creator,0.1421235665809983
Shot Chart Detail,22400575,286,201935,James Harden,1610612746,LA Clippers,2,1,33,Missed Shot,Pullup Jump shot,3PT Field Goal,Above the Break 3,Right Side Center(RC),24+ ft.,26,170,199,1,0,20250116,POR,LAC,22400575286,13470,0,201935|1626181|1627826|1627884|1629599,0,REG,2025,1629057,C,Anchor Big,3.0556637685991035,PG,Shot Creator,2.9629908209359144
Shot Chart Detail,22400575,289,1626181,Norman Powell,1610612746,LA Clippers,2,1,9,Missed Shot,Driving Floating Bank Jump Shot,2PT Field Goal,In The Paint (Non-RA),Left Side(L),8-16 ft.,11,-75,90,1,0,20250116,POR,LAC,22400575289,13710,0,201935|1626181|1627826|1627884|1629599,0,REG,2025,1629014|1629057,,,,SG,Secondary Ball Handler,1.2900834290731455
Shot Chart Detail,22400575,293,1627826,Ivica Zubac,1610612746,LA Clippers,2,0,40,Missed Shot,Turnaround Hook Shot,2PT Field Goal,In The Paint (Non-RA),Center(C),8-16 ft.,8,9,85,1,0,20250116,POR,LAC,22400575293,14000,0,201935|1626181|1627826|1627884|1629599,0,REG,2025,1629057,C,Anchor Big,3.0556637685991035,C,Post Scorer,0.8378931993988664
Shot Chart Detail,22400575,298,1626181,Norman Powell,1610612746,LA Clippers,2,0,4,Missed Shot,Driving Floating Jump Shot,2PT Field Goal,Mid-Range,Right Side(R),8-16 ft.,8,81,38,1,0,20250116,POR,LAC,22400575298,14360,0,201935|1626181|1627826|1627884|1629599,0,REG,2025,1629057,C,Anchor Big,3.0556637685991035,SG,Secondary Ball Handler,1.2900834290731455
Shot Chart Detail,22400575,382,1627884,Derrick Jones Jr.,1610612746,LA Clippers,3,6,13,Made Shot,Pullup Jump shot,2PT Field Goal,Mid-Range,Left Side Center(LC),16-24 ft.,16,-61,156,1,1,20250116,POR,LAC,22400575382,17870,0,201935|1626181|1627739|1627826|1627884,1,REG,2025,1629057,C,Anchor Big,3.0556637685991035,SF,Stationary Shooter,-0.8013640505785616
Shot Chart Detail,22400575,396,1627826,Ivica Zubac,1610612746,LA Clippers,3,5,23,Missed Shot,Tip Layup Shot,2PT Field Goal,Restricted Area,Center(C),Less Than 8 ft.,0,0,0,1,0,20250116,POR,LAC,22400575396,18370,0,201935|1626181|1627739|1627826|1627884,0,REG,2025,1629057,C,Anchor Big,3.0556637685991035,C,Post Scorer,0.8378931993988664
Shot Chart Detail,22400575,414,201935,James Harden,1610612746,LA Clippers,3,4,20,Missed Shot,Step Back Jump shot,3PT Field Goal,Above the Break 3,Center(C),24+ ft.,25,-59,250,1,0,20250116,POR,LAC,22400575414,19000,0,201935|1627826|1627884|1629599|1629611,0,REG,2025,1629057,C,Anchor Big,3.0556637685991035,PG,Shot Creator,2.9629908209359144
Shot Chart Detail,22400575,496,1626181,Norman Powell,1610612746,LA Clippers,4,10,24,Made Shot,Driving Finger Roll Layup Shot,2PT Field Goal,Restricted Area,Center(C),Less Than 8 ft.,1,9,11,1,1,20250116,POR,LAC,22400575496,22560,0,1626181|1627826|1629599|1629611|1629645,0,REG,2025,1629014|1629057,,,,SG,Secondary Ball Handler,1.2900834290731455
Shot Chart Detail,22400591,19,1628415,Dillon Brooks,1610612745,Houston Rockets,1,10,47,Made Shot,Turnaround Fadeaway shot,2PT Field Goal,In The Paint (Non-RA),Left Side(L),8-16 ft.,12,-65,105,1,1,20250118,POR,HOU,2240059119,730,0,1627832|1628415|1630224|1630256|1630578,0,REG,2025,1629057,C,Anchor Big,3.0556637685991035,SF,Movement Shooter,-0.9348837431261766
Shot Chart Detail,22400591,57,1630224,Jalen Green,1610612745,Houston Rockets,1,7,16,Made Shot,Pullup Jump shot,2PT Field Goal,Mid-Range,Right Side Center(RC),16-24 ft.,18,98,155,1,1,20250118,POR,HOU,2240059157,2840,0,1627832|1628415|1630224|1630256|1630578,1,REG,2025,1629057,C,Anchor Big,3.0556637685991035,SG,Primary Ball Handler,0.6198065527084115
Shot Chart Detail,22400591,187,1641715,Cam Whitmore,1610612745,Houston Rockets,2,11,45,Made Shot,Step Back Jump shot,2PT Field Goal,Mid-Range,Left Side Center(LC),16-24 ft.,21,-112,183,1,1,20250118,POR,HOU,22400591187,7350,0,203500|1627832|1628988|1630256|1641715,0,REG,2025,1629057,C,Anchor Big,3.0556637685991035,SF,Movement Shooter,0.1132193802498902
Shot Chart Detail,22400591,194,1627832,Fred VanVleet,1610612745,Houston Rockets,2,10,53,Missed Shot,Fadeaway Jump Shot,2PT Field Goal,Mid-Range,Right Side(R),8-16 ft.,9,99,10,1,0,20250118,POR,HOU,22400591194,7870,0,203500|1627832|1628988|1630256|1641715,0,REG,2025,1629057,C,Anchor Big,3.0556637685991035,PG,Primary Ball Handler,0.4999538271682771
Shot Chart Detail,22400591,213,203500,Steven Adams,1610612745,Houston Rockets,2,9,44,Missed Shot,Putback Layup Shot,2PT Field Goal,Restricted Area,Center(C),Less Than 8 ft.,0,0,0,1,0,20250118,POR,HOU,22400591213,8560,0,203500|1627832|1628988|1630256|1641715,0,REG,2025,1629057,C,Anchor Big,3.0556637685991035,C,Athletic Finisher,-0.8352507807178604
Shot Chart Detail,22400591,216,1627832,Fred VanVleet,1610612745,Houston Rockets,2,9,26,Missed Shot,Pullup Jump shot,2PT Field Goal,Mid-Range,Right Side Center(RC),16-24 ft.,17,83,154,1,0,20250118,POR,HOU,22400591216,8740,0,203500|1627832|1628988|1630256|1641715,0,REG,2025,1629057,C,Anchor Big,3.0556637685991035,PG,Primary Ball Handler,0.4999538271682771
Shot Chart Detail,22400591,226,1641715,Cam Whitmore,1610612745,Houston Rockets,2,8,57,Missed Shot,Pullup Jump shot,2PT Field Goal,Mid-Range,Left Side Center(LC),16-24 ft.,18,-125,136,1,0,20250118,POR,HOU,22400591226,9030,0,203500|1627832|1628415|1630256|1641715,0,REG,2025,1629057,C,Anchor Big,3.0556637685991035,SF,Movement Shooter,0.1132193802498902
Shot Chart Detail,22400591,234,1627832,Fred VanVleet,1610612745,Houston Rockets,2,8,13,Missed Shot,Driving Floating Jump Shot,2PT Field Goal,In The Paint (Non-RA),Center(C),8-16 ft.,12,-64,112,1,0,20250118,POR,HOU,22400591234,9470,0,203500|1627832|1628415|1630256|1641715,0,REG,2025,1629057,C,Anchor Big,3.0556637685991035,PG,Primary Ball Handler,0.4999538271682771
Shot Chart Detail,22400591,240,1630256,Jae'Sean Tate,1610612745,Houston Rockets,2,7,56,Missed Shot,Putback Layup Shot,2PT Field Goal,In The Paint (Non-RA),Center(C),Less Than 8 ft.,5,-47,33,1,0,20250118,POR,HOU,22400591240,9640,0,203500|1627832|1628415|1630256|1641715,0,REG,2025,1629057,C,Anchor Big,3.0556637685991035,SF,Stationary Shooter,-1.6156951932116652
Shot Chart Detail,22400591,245,1641715,Cam Whitmore,1610612745,Houston Rockets,2,7,29,Missed Shot,Pullup Jump shot,3PT Field Goal,Above the Break 3,Right Side Center(RC),24+ ft.,25,142,212,1,0,20250118,POR,HOU,22400591245,9910,0,203500|1627832|1628415|1630256|1641715,0,REG,2025,1629057,C,Anchor Big,3.0556637685991035,SF,Movement Shooter,0.1132193802498902
Shot Chart Detail,22400591,378,1630224,Jalen Green,1610612745,Houston Rockets,3,10,9,Missed Shot,Jump Shot,2PT Field Goal,Mid-Range,Right Side(R),8-16 ft.,15,153,36,1,0,20250118,POR,HOU,22400591378,15510,0,1627832|1628415|1630224|1630256|1630578,0,REG,2025,1629057,C,Anchor Big,3.0556637685991035,SG,Primary Ball Handler,0.6198065527084115
Shot Chart Detail,22400591,387,1628415,Dillon Brooks,1610612745,Houston Rockets,3,9,23,Missed Shot,Driving Layup Shot,2PT Field Goal,Restricted Area,Center(C),Less Than 8 ft.,1,16,11,1,0,20250118,POR,HOU,22400591387,15970,0,1627832|1628415|1630224|1630256|1630578,0,REG,2025,1629014|1629057,,,,SF,Movement Shooter,-0.9348837431261766
Shot Chart Detail,22400591,521,1628988,Aaron Holiday,1610612745,Houston Rockets,3,0,49,Made Shot,Pullup Jump shot,3PT Field Goal,Above the Break 3,Left Side Center(LC),24+ ft.,24,-158,187,1,1,20250118,POR,HOU,22400591521,21110,0,203500|1628988|1630224|1631106|1641715,0,REG,2025,1629057,C,Anchor Big,3.0556637685991035,PG,Secondary Ball Handler,-0.8604892468760645
Shot Chart Detail,22400591,525,1630224,Jalen Green,1610612745,Houston Rockets,3,0,27,Missed Shot,Pullup Jump shot,3PT Field Goal,Above the Break 3,Right Side Center(RC),24+ ft.,27,147,231,1,0,20250118,POR,HOU,22400591525,21330,0,203500|1628988|1630224|1631106|1641715,0,REG,2025,1629057,C,Anchor Big,3.0556637685991035,SG,Primary Ball Handler,0.6198065527084115
Shot Chart Detail,22400591,546,1641715,Cam Whitmore,1610612745,Houston Rockets,4,11,26,Missed Shot,Driving Layup Shot,2PT Field Goal,Restricted Area,Center(C),Less Than 8 ft.,2,-16,14,1,0,20250118,POR,HOU,22400591546,21940,0,203500|1627832|1628415|1628988|1641715,0,REG,2025,1629057,C,Anchor Big,3.0556637685991035,SF,Movement Shooter,0.1132193802498902
Shot Chart Detail,22400591,565,1627832,Fred VanVleet,1610612745,Houston Rockets,4,10,14,Missed Shot,Driving Floating Jump Shot,2PT Field Goal,In The Paint (Non-RA),Center(C),Less Than 8 ft.,7,-36,71,1,0,20250118,POR,HOU,22400591565,22660,0,203500|1627832|1628415|1628988|1641715,0,REG,2025,1629057,C,Anchor Big,3.0556637685991035,PG,Primary Ball Handler,0.4999538271682771
Shot Chart Detail,22400607,135,1628389,Bam Adebayo,1610612748,Miami Heat,1,0,37,Made Shot,Floating Jump shot,2PT Field Goal,In The Paint (Non-RA),Center(C),8-16 ft.,13,36,132,1,1,20250121,MIA,POR,22400607135,6830,0,202692|1626179|1628389|1631107|1631170,1,REG,2025,1629057,C,Anchor Big,3.0556637685991035,C,Shot Creator,0.2624691170487795
Shot Chart Detail,22400607,146,1631107,Nikola Jović,1610612748,Miami Heat,1,0,2,Made Shot,Step Back Jump shot,3PT Field Goal,Above the Break 3,Right Side Center(RC),24+ ft.,24,162,186,1,1,20250121,MIA,POR,22400607146,7180,0,202692|1626179|1628389|1631107|1631170,0,REG,2025,1629057,C,Anchor Big,3.0556637685991035,PF,Stationary Shooter,-0.4537898987890111
Shot Chart Detail,22400607,158,1626179,Terry Rozier,1610612748,Miami Heat,2,10,49,Missed Shot,Step Back Jump shot,2PT Field Goal,Mid-Range,Right Side(R),16-24 ft.,20,202,32,1,0,20250121,MIA,POR,22400607158,7910,0,202692|1626179|1628389|1631107|1631170,0,REG,2025,1629057,C,Anchor Big,3.0556637685991035,PG,Primary Ball Handler,-0.8277265552320655
Shot Chart Detail,22400607,170,1628389,Bam Adebayo,1610612748,Miami Heat,2,10,16,Made Shot,Jump Shot,2PT Field Goal,In The Paint (Non-RA),Center(C),8-16 ft.,13,1,136,1,1,20250121,MIA,POR,22400607170,8240,0,202692|1626179|1628389|1631107|1631170,1,REG,2025,1629057,C,Anchor Big,3.0556637685991035,C,Shot Creator,0.2624691170487795
Shot Chart Detail,22400607,174,1628389,Bam Adebayo,1610612748,Miami Heat,2,9,50,Made Shot,Pullup Jump shot,2PT Field Goal,Mid-Range,Center(C),8-16 ft.,15,15,151,1,1,20250121,MIA,POR,22400607174,8500,0,202692|1626179|1628389|1631107|1631170,0,REG,2025,1629057,C,Anchor Big,3.0556637685991035,C,Shot Creator,0.2624691170487795
Shot Chart Detail,22400607,189,1626179,Terry Rozier,1610612748,Miami Heat,2,8,9,Made Shot,Driving Finger Roll Layup Shot,2PT Field Goal,Restricted Area,Center(C),Less Than 8 ft.,1,-10,13,1,1,20250121,MIA,POR,22400607189,9510,0,202692|1626179|1628389|1631107|1631170,0,REG,2025,1629057,C,Anchor Big,3.0556637685991035,PG,Primary Ball Handler,-0.8277265552320655
Shot Chart Detail,22400607,450,1642276,Kel'el Ware,1610612748,Miami Heat,4,10,14,Made Shot,Jump Shot,3PT Field Goal,Above the Break 3,Right Side Center(RC),24+ ft.,25,80,241,1,1,20250121,MIA,POR,22400607450,22660,0,1629130|1631107|1631170|1641796|1642276,1,REG,2025,1629057,C,Anchor Big,3.0556637685991035,C,Roll + Cut Big,-1.2596273326768552
Shot Chart Detail,22400622,47,203484,Kentavious Caldwell-Pope,1610612753,Orlando Magic,1,7,47,Missed Shot,Jump Shot,3PT Field Goal,Above the Break 3,Right Side Center(RC),24+ ft.,25,232,104,1,0,20250123,ORL,POR,2240062247,2530,0,203484|1628976|1630532|1631094|1641710,0,REG,2025,1629057,C,Anchor Big,3.0556637685991035,SG,Off Screen Shooter,-2.091493012091157
Shot Chart Detail,22400622,198,1628976,Wendell Carter Jr.,1610612753,Orlando Magic,2,11,2,Missed Shot,Driving Layup Shot,2PT Field Goal,In The Paint (Non-RA),Center(C),8-16 ft.,9,-9,91,1,0,20250123,ORL,POR,22400622198,7780,0,202709|203484|1628976|1630532|1631094,0,REG,2025,1629057,C,Anchor Big,3.0556637685991035,C,Stretch Big,-1.164525508559137
Shot Chart Detail,22400622,237,1628976,Wendell Carter Jr.,1610612753,Orlando Magic,2,8,38,Missed Shot,Jump Shot,3PT Field Goal,Above the Break 3,Center(C),24+ ft.,26,45,258,1,0,20250123,ORL,POR,22400622237,9220,0,202709|203484|1628976|1631094|1641710,0,REG,2025,1629057,C,Anchor Big,3.0556637685991035,C,Stretch Big,-1.164525508559137
Shot Chart Detail,22400622,387,1630532,Franz Wagner,1610612753,Orlando Magic,3,10,13,Made Shot,Turnaround Jump Shot,2PT Field Goal,In The Paint (Non-RA),Center(C),8-16 ft.,12,2,122,1,1,20250123,ORL,POR,22400622387,15470,0,203484|1628976|1630532|1631094|1641710,0,REG,2025,1629057,C,Anchor Big,3.0556637685991035,SF,Shot Creator,1.6474051330872437
Shot Chart Detail,22400622,416,1630532,Franz Wagner,1610612753,Orlando Magic,3,7,22,Missed Shot,Driving Floating Jump Shot,2PT Field Goal,In The Paint (Non-RA),Center(C),8-16 ft.,8,0,89,1,0,20250123,ORL,POR,22400622416,17180,0,203484|1628976|1630532|1631094|1641710,0,REG,2025,1629057,C,Anchor Big,3.0556637685991035,SF,Shot Creator,1.6474051330872437
Shot Chart Detail,22400622,419,1630532,Franz Wagner,1610612753,Orlando Magic,3,7,5,Missed Shot,Driving Floating Jump Shot,2PT Field Goal,In The Paint (Non-RA),Center(C),Less Than 8 ft.,5,17,51,1,0,20250123,ORL,POR,22400622419,17350,0,203484|1628371|1631094|1641710|1641783,0,REG,2025,1629057,C,Anchor Big,3.0556637685991035,SF,Shot Creator,1.6474051330872437
Shot Chart Detail,22400622,603,1631094,Paolo Banchero,1610612753,Orlando Magic,4,8,38,Missed Shot,Driving Floating Jump Shot,2PT Field Goal,In The Paint (Non-RA),Right Side(R),8-16 ft.,8,80,16,1,0,20250123,ORL,POR,22400622603,23620,0,202709|1631094|1641710|1641724|1641783,0,REG,2025,1629014|1629057,,,,PF,Shot Creator,1.7686662577087473
Shot Chart Detail,22400622,639,1628371,Jonathan Isaac,1610612753,Orlando Magic,4,5,44,Missed Shot,Jump Shot,3PT Field Goal,Above the Break 3,Right Side Center(RC),24+ ft.,25,91,243,1,0,20250123,ORL,POR,22400622639,25360,0,203484|1628371|1641710|1641724|1641783,0,REG,2025,1629057,C,Anchor Big,3.0556637685991035,PF,Stretch Big,-0.2295276640029872
Shot Chart Detail,22400622,654,1641710,Anthony Black,1610612753,Orlando Magic,4,4,6,Missed Shot,Running Layup Shot,2PT Field Goal,Restricted Area,Center(C),Less Than 8 ft.,3,-27,21,1,0,20250123,ORL,POR,22400622654,26340,0,203484|1628371|1641710|1641724|1641783,0,REG,2025,1629057|1641739,,,,PG,Primary Ball Handler,-1.752147751000953
Shot Chart Detail,22400647,84,1631119,Jaylin Williams,1610612760,Oklahoma City Thunder,1,3,53,Made Shot,Jump Shot,3PT Field Goal,Above the Break 3,Right Side Center(RC),24+ ft.,26,136,225,1,1,20250126,POR,OKC,2240064784,4870,0,1628983|1629026|1630598|1631114|1631119,1,REG,2025,1629057,C,Anchor Big,3.0556637685991035,PF,Stationary Shooter,0.2641756875980901
Shot Chart Detail,22400647,131,1631119,Jaylin Williams,1610612760,Oklahoma City Thunder,1,0,31,Missed Shot,Driving Floating Jump Shot,2PT Field Goal,Mid-Range,Left Side(L),8-16 ft.,12,-86,93,1,0,20250126,POR,OKC,22400647131,6890,0,1627936|1628983|1629026|1630198|1631119,0,REG,2025,1629057,C,Anchor Big,3.0556637685991035,PF,Stationary Shooter,0.2641756875980901
Shot Chart Detail,22400647,214,1628392,Isaiah Hartenstein,1610612760,Oklahoma City Thunder,2,7,33,Made Shot,Tip Layup Shot,2PT Field Goal,Restricted Area,Center(C),Less Than 8 ft.,0,0,0,1,1,20250126,POR,OKC,22400647214,9870,0,1627936|1628392|1630198|1631114|1631172,0,REG,2025,1629057,C,Anchor Big,3.0556637685991035,C,Roll + Cut Big,0.1425948733429524
Shot Chart Detail,22400647,226,1631114,Jalen Williams,1610612760,Oklahoma City Thunder,2,7,6,Missed Shot,Fadeaway Jump Shot,2PT Field Goal,In The Paint (Non-RA),Center(C),8-16 ft.,8,10,89,1,0,20250126,POR,OKC,22400647226,10140,0,1627936|1628392|1630198|1631114|1631172,0,REG,2025,1629057,C,Anchor Big,3.0556637685991035,SG,Slasher,2.264667471916458
Shot Chart Detail,22400647,423,1631114,Jalen Williams,1610612760,Oklahoma City Thunder,3,6,21,Missed Shot,Driving Floating Jump Shot,2PT Field Goal,In The Paint (Non-RA),Center(C),Less Than 8 ft.,5,27,53,1,0,20250126,POR,OKC,22400647423,17790,0,1628392|1628983|1629026|1631114|1641717,0,REG,2025,1629057,C,Anchor Big,3.0556637685991035,SG,Slasher,2.264667471916458
Shot Chart Detail,22400647,472,1628983,Shai Gilgeous-Alexander,1610612760,Oklahoma City Thunder,3,2,54,Missed Shot,Running Layup Shot,2PT Field Goal,In The Paint (Non-RA),Center(C),Less Than 8 ft.,6,-40,50,1,0,20250126,POR,OKC,22400647472,19860,0,1627936|1628983|1629026|1630198|1631119,0,REG,2025,1631200|1629057,,,,PG,Shot Creator,5.855857909651224
Shot Chart Detail,22400647,483,1628983,Shai Gilgeous-Alexander,1610612760,Oklahoma City Thunder,3,2,7,Missed Shot,Driving Layup Shot,2PT Field Goal,In The Paint (Non-RA),Center(C),Less Than 8 ft.,6,18,59,1,0,20250126,POR,OKC,22400647483,20330,0,1627936|1628983|1629026|1630198|1631119,0,REG,2025,1629057,C,Anchor Big,3.0556637685991035,PG,Shot Creator,5.855857909651224
Shot Chart Detail,22400647,487,1631119,Jaylin Williams,1610612760,Oklahoma City Thunder,3,1,39,Made Shot,Driving Layup Shot,2PT Field Goal,Restricted Area,Center(C),Less Than 8 ft.,3,11,36,1,1,20250126,POR,OKC,22400647487,20610,0,1627936|1628983|1629026|1630198|1631119,0,REG,2025,1629057,C,Anchor Big,3.0556637685991035,PF,Stationary Shooter,0.2641756875980901
Shot Chart Detail,22400647,526,1627936,Alex Caruso,1610612760,Oklahoma City Thunder,4,11,6,Missed Shot,Jump Shot,3PT Field Goal,Left Corner 3,Left Side(L),24+ ft.,23,-233,25,1,0,20250126,POR,OKC,22400647526,22140,0,1627936|1628392|1630198|1631114|1631172,0,REG,2025,1629057,C,Anchor Big,3.0556637685991035,SG,Movement Shooter,0.283990172146485
Shot Chart Detail,22400716,86,1626167,Myles Turner,1610612754,Indiana Pacers,1,4,44,Missed Shot,Jump Shot,3PT Field Goal,Above the Break 3,Center(C),24+ ft.,28,11,283,1,0,20250204,POR,IND,2240071686,4360,0,1626167|1629614|1630167|1630169|1630174,0,REG,2025,1629057,C,Anchor Big,3.0556637685991035,C,Stretch Big,0.0138246845838189
Shot Chart Detail,22400716,101,1630167,Obi Toppin,1610612754,Indiana Pacers,1,3,50,Missed Shot,Jump Shot,3PT Field Goal,Above the Break 3,Left Side Center(LC),24+ ft.,28,-146,247,1,0,20250204,POR,IND,22400716101,4900,0,1628418|1629614|1630167|1630169|1630174,0,REG,2025,1629057,C,Anchor Big,3.0556637685991035,PF,Movement Shooter,0.7243608514761108
Shot Chart Detail,22400716,105,1628418,Thomas Bryant,1610612754,Indiana Pacers,1,3,34,Missed Shot,Dunk Shot,2PT Field Goal,Restricted Area,Center(C),Less Than 8 ft.,2,-5,29,1,0,20250204,POR,IND,22400716105,5060,0,1628418|1629614|1630167|1630169|1630174,0,REG,2025,1629057|1641739,,,,C,Stretch Big,0.1066162397974261
Shot Chart Detail,22400716,137,1628418,Thomas Bryant,1610612754,Indiana Pacers,1,1,42,Missed Shot,Tip Layup Shot,2PT Field Goal,Restricted Area,Center(C),Less Than 8 ft.,0,0,0,1,0,20250204,POR,IND,22400716137,6180,0,204456|1627783|1628418|1630174|1641767,0,REG,2025,1629057,C,Anchor Big,3.0556637685991035,C,Stretch Big,0.1066162397974261
Shot Chart Detail,22400716,142,1628418,Thomas Bryant,1610612754,Indiana Pacers,1,1,12,Missed Shot,Jump Shot,3PT Field Goal,Above the Break 3,Left Side Center(LC),24+ ft.,27,-115,246,1,0,20250204,POR,IND,22400716142,6480,0,204456|1627783|1628418|1630174|1641767,0,REG,2025,1629057,C,Anchor Big,3.0556637685991035,C,Stretch Big,0.1066162397974261
Shot Chart Detail,22400716,331,1629614,Andrew Nembhard,1610612754,Indiana Pacers,2,0,59,Made Shot,Turnaround Fadeaway shot,2PT Field Goal,In The Paint (Non-RA),Center(C),8-16 ft.,14,-58,138,1,1,20250204,POR,IND,22400716331,13810,0,1626167|1627783|1629614|1630174|1631097,0,REG,2025,1629057,C,Anchor Big,3.0556637685991035,SG,Primary Ball Handler,-0.646199821799434
Shot Chart Detail,22400716,358,1629614,Andrew Nembhard,1610612754,Indiana Pacers,3,10,45,Made Shot,Reverse Layup Shot,2PT Field Goal,Restricted Area,Center(C),Less Than 8 ft.,1,-15,5,1,1,20250204,POR,IND,22400716358,15150,0,1626167|1627783|1629614|1630169|1631097,1,REG,2025,1629057,C,Anchor Big,3.0556637685991035,SG,Primary Ball Handler,-0.646199821799434
Shot Chart Detail,22400716,365,1629614,Andrew Nembhard,1610612754,Indiana Pacers,3,10,0,Missed Shot,Driving Floating Jump Shot,2PT Field Goal,In The Paint (Non-RA),Right Side(R),8-16 ft.,9,62,73,1,0,20250204,POR,IND,22400716365,15600,0,1626167|1627783|1629614|1630169|1631097,0,REG,2025,1630166|1629057,,,,SG,Primary Ball Handler,-0.646199821799434
Shot Chart Detail,22400716,386,1626167,Myles Turner,1610612754,Indiana Pacers,3,8,32,Made Shot,Jump Shot,3PT Field Goal,Above the Break 3,Center(C),24+ ft.,27,43,273,1,1,20250204,POR,IND,22400716386,16480,0,1626167|1627783|1629614|1630169|1631097,1,REG,2025,1629057,C,Anchor Big,3.0556637685991035,C,Stretch Big,0.0138246845838189
Shot Chart Detail,22400716,413,1631097,Bennedict Mathurin,1610612754,Indiana Pacers,3,6,37,Missed Shot,Pullup Jump shot,2PT Field Goal,Mid-Range,Right Side Center(RC),16-24 ft.,17,126,127,1,0,20250204,POR,IND,22400716413,17630,0,1626167|1627783|1629614|1630169|1631097,0,REG,2025,1629057,C,Anchor Big,3.0556637685991035,SF,Shot Creator,-0.1787315899187919
Shot Chart Detail,22400716,568,1627783,Pascal Siakam,1610612754,Indiana Pacers,4,8,8,Missed Shot,Pullup Jump shot,3PT Field Goal,Above the Break 3,Center(C),24+ ft.,26,54,255,1,0,20250204,POR,IND,22400716568,23920,0,204456|1627783|1628418|1630174|1641767,0,REG,2025,1629057,C,Anchor Big,3.0556637685991035,PF,Shot Creator,1.5190875253572227
Shot Chart Detail,22400716,615,1629614,Andrew Nembhard,1610612754,Indiana Pacers,4,3,50,Made Shot,Driving Layup Shot,2PT Field Goal,Restricted Area,Center(C),Less Than 8 ft.,1,-10,13,1,1,20250204,POR,IND,22400716615,26500,0,1626167|1627783|1629614|1630169|1631097,0,REG,2025,1629057,C,Anchor Big,3.0556637685991035,SG,Primary Ball Handler,-0.646199821799434
Shot Chart Detail,22400716,638,1641767,Ben Sheppard,1610612754,Indiana Pacers,4,2,24,Made Shot,Step Back Jump shot,2PT Field Goal,Mid-Range,Center(C),16-24 ft.,21,9,210,1,1,20250204,POR,IND,22400716638,27360,0,201949|1641716|1641767|1642277|1642402,1,REG,2025,1629057,C,Anchor Big,3.0556637685991035,SG,Movement Shooter,-1.444852157728988
Shot Chart Detail,22400747,113,1630568,Luka Garza,1610612750,Minnesota Timberwolves,1,3,2,Missed Shot,Pullup Jump shot,3PT Field Goal,Above the Break 3,Right Side Center(RC),24+ ft.,24,85,232,1,0,20250208,MIN,POR,22400747113,5380,0,1629638|1629675|1630545|1630568|1641740,0,REG,2025,1629057,C,Anchor Big,3.0556637685991035,C,Versatile Big,0.8205065396002192
Shot Chart Detail,22400747,120,1630545,Terrence Shannon Jr.,1610612750,Minnesota Timberwolves,1,2,41,Made Shot,Driving Floating Jump Shot,2PT Field Goal,In The Paint (Non-RA),Center(C),8-16 ft.,14,-52,133,1,1,20250208,MIN,POR,22400747120,5590,0,1629638|1629675|1630545|1630568|1641740,1,REG,2025,1629057,C,Anchor Big,3.0556637685991035,SG,Athletic Finisher,-1.2613007295472816
Shot Chart Detail,22400747,123,1630545,Terrence Shannon Jr.,1610612750,Minnesota Timberwolves,1,2,6,Made Shot,Driving Layup Shot,2PT Field Goal,In The Paint (Non-RA),Center(C),Less Than 8 ft.,5,-42,37,1,1,20250208,MIN,POR,22400747123,5940,0,1629638|1629675|1630545|1630568|1641740,1,REG,2025,1629057,C,Anchor Big,3.0556637685991035,SG,Athletic Finisher,-1.2613007295472816
Shot Chart Detail,22400747,131,1641740,Jaylen Clark,1610612750,Minnesota Timberwolves,1,1,31,Made Shot,Driving Floating Jump Shot,2PT Field Goal,In The Paint (Non-RA),Center(C),Less Than 8 ft.,7,74,15,1,1,20250208,MIN,POR,22400747131,6290,0,1629638|1629675|1630545|1630568|1641740,0,REG,2025,1629057,C,Anchor Big,3.0556637685991035,SG,Stationary Shooter,-1.4946814032928724
Shot Chart Detail,22400747,134,1630568,Luka Garza,1610612750,Minnesota Timberwolves,1,0,56,Missed Shot,Jump Shot,3PT Field Goal,Above the Break 3,Center(C),24+ ft.,25,-20,252,1,0,20250208,MIN,POR,22400747134,6640,0,1629638|1629675|1630545|1630568|1641740,0,REG,2025,1629057,C,Anchor Big,3.0556637685991035,C,Versatile Big,0.8205065396002192
Shot Chart Detail,22400747,160,1630183,Jaden McDaniels,1610612750,Minnesota Timberwolves,2,11,5,Missed Shot,Driving Floating Jump Shot,2PT Field Goal,In The Paint (Non-RA),Center(C),8-16 ft.,12,-26,120,1,0,20250208,MIN,POR,22400747160,7750,0,203497|1630183|1630545|1641740|1642265,0,REG,2025,1629057,C,Anchor Big,3.0556637685991035,PF,Stationary Shooter,-0.6040791257403015
Shot Chart Detail,22400796,104,1629637,Jaxson Hayes,1610612747,Los Angeles Lakers,1,5,18,Missed Shot,Alley Oop Dunk Shot,2PT Field Goal,Restricted Area,Center(C),Less Than 8 ft.,1,4,17,1,0,20250220,POR,LAL,22400796104,4020,0,1627827|1629060|1629216|1629637|1630559,0,REG,2025,1629057,C,Anchor Big,3.0556637685991035,C,Roll + Cut Big,-1.5306543173539158
Shot Chart Detail,22400796,144,1641998,Trey Jemison III,1610612747,Los Angeles Lakers,1,1,51,Made Shot,Hook Shot,2PT Field Goal,In The Paint (Non-RA),Center(C),Less Than 8 ft.,6,50,46,1,1,20250220,POR,LAL,22400796144,6090,0,1629060|1629216|1630559|1630692|1641998,1,REG,2025,1629057|1641739,,,,C,Roll + Cut Big,-1.6912775098120156
Shot Chart Detail,22400796,148,1630559,Austin Reaves,1610612747,Los Angeles Lakers,1,1,24,Made Shot,Step Back Jump shot,3PT Field Goal,Above the Break 3,Left Side Center(LC),24+ ft.,26,-153,221,1,1,20250220,POR,LAL,22400796148,6360,0,1629060|1629216|1630559|1630692|1641998,0,REG,2025,1629057,C,Anchor Big,3.0556637685991035,SG,Primary Ball Handler,2.0654397017165467
Shot Chart Detail,22400796,160,2544,LeBron James,1610612747,Los Angeles Lakers,1,0,24,Missed Shot,Driving Floating Jump Shot,2PT Field Goal,Restricted Area,Center(C),Less Than 8 ft.,3,-31,10,1,0,20250220,POR,LAL,22400796160,6960,0,2544|1627827|1630692|1641998|1642261,0,REG,2025,1629014|1629057,,,,SF,Shot Creator,2.6130910235088303
Shot Chart Detail,22400796,285,1629216,Gabe Vincent,1610612747,Los Angeles Lakers,2,5,1,Missed Shot,Jump Shot,3PT Field Goal,Left Corner 3,Left Side(L),24+ ft.,22,-229,5,1,0,20250220,POR,LAL,22400796285,11390,0,1629060|1629216|1629637|1630559|1630692,0,REG,2025,1629057,C,Anchor Big,3.0556637685991035,PG,Movement Shooter,-1.5295047031840316
Shot Chart Detail,22400796,321,2544,LeBron James,1610612747,Los Angeles Lakers,2,2,11,Made Shot,Pullup Jump shot,2PT Field Goal,Mid-Range,Center(C),16-24 ft.,18,-32,184,1,1,20250220,POR,LAL,22400796321,13090,0,2544|1627827|1629060|1629637|1630559,0,REG,2025,1629057,C,Anchor Big,3.0556637685991035,SF,Shot Creator,2.6130910235088303
Shot Chart Detail,22400796,324,2544,LeBron James,1610612747,Los Angeles Lakers,2,1,33,Missed Shot,Pullup Jump shot,3PT Field Goal,Above the Break 3,Center(C),24+ ft.,25,-27,257,1,0,20250220,POR,LAL,22400796324,13470,0,2544|1627827|1629060|1629637|1630559,0,REG,2025,1629057,C,Anchor Big,3.0556637685991035,SF,Shot Creator,2.6130910235088303
Shot Chart Detail,22400796,331,1630559,Austin Reaves,1610612747,Los Angeles Lakers,2,0,33,Made Shot,Fadeaway Jump Shot,2PT Field Goal,In The Paint (Non-RA),Center(C),8-16 ft.,11,13,116,1,1,20250220,POR,LAL,22400796331,14070,0,2544|1627827|1629060|1629637|1630559,0,REG,2025,1629057|1641739,,,,SG,Primary Ball Handler,2.0654397017165467
Shot Chart Detail,22400796,426,1629216,Gabe Vincent,1610612747,Los Angeles Lakers,3,5,44,Made Shot,Fadeaway Jump Shot,2PT Field Goal,In The Paint (Non-RA),Left Side(L),8-16 ft.,13,-69,118,1,1,20250220,POR,LAL,22400796426,18160,0,1627827|1629060|1629216|1629637|1630559,0,REG,2025,1629057,C,Anchor Big,3.0556637685991035,PG,Movement Shooter,-1.5295047031840316
Shot Chart Detail,22400796,432,1629060,Rui Hachimura,1610612747,Los Angeles Lakers,3,5,7,Missed Shot,Jump Shot,3PT Field Goal,Above the Break 3,Left Side Center(LC),24+ ft.,26,-124,238,1,0,20250220,POR,LAL,22400796432,18530,0,1629060|1629216|1629637|1630559|1630692,0,REG,2025,1629057,C,Anchor Big,3.0556637685991035,PF,Stationary Shooter,-0.4440547790281873
Shot Chart Detail,22400796,534,1627827,Dorian Finney-Smith,1610612747,Los Angeles Lakers,4,9,56,Missed Shot,Jump Shot,3PT Field Goal,Above the Break 3,Left Side Center(LC),24+ ft.,27,-178,211,1,0,20250220,POR,LAL,22400796534,22840,0,2544|1627827|1629637|1630559|1642261,0,REG,2025,1629057,C,Anchor Big,3.0556637685991035,PF,Stationary Shooter,-1.3682883757481568
Shot Chart Detail,22400796,542,1630559,Austin Reaves,1610612747,Los Angeles Lakers,4,9,25,Missed Shot,Step Back Jump shot,3PT Field Goal,Above the Break 3,Right Side Center(RC),24+ ft.,26,175,204,1,0,20250220,POR,LAL,22400796542,23150,0,2544|1627827|1629637|1630559|1642261,0,REG,2025,1629057,C,Anchor Big,3.0556637685991035,SG,Primary Ball Handler,2.0654397017165467
Shot Chart Detail,22401219,75,201142,Kevin Durant,1610612756,Phoenix Suns,1,5,1,Missed Shot,Driving Floating Jump Shot,2PT Field Goal,Mid-Range,Right Side Center(RC),16-24 ft.,17,64,163,1,0,20241215,PHX,POR,2240121975,4190,0,201142|1626145|1626164|1628960|1642345,0,REG,2025,1629057,C,Anchor Big,3.0556637685991035,PF,Shot Creator,1.701564803574577
Shot Chart Detail,22401219,90,1642345,Oso Ighodaro,1610612756,Phoenix Suns,1,3,40,Made Shot,Turnaround Hook Shot,2PT Field Goal,In The Paint (Non-RA),Center(C),8-16 ft.,8,-12,86,1,1,20241215,PHX,POR,2240121990,5000,0,1626145|1626164|1628960|1642345|1642346,1,REG,2025,1629057,C,Anchor Big,3.0556637685991035,PF,Roll + Cut Big,-2.1303107514468818
Shot Chart Detail,22401219,94,1642345,Oso Ighodaro,1610612756,Phoenix Suns,1,3,27,Missed Shot,Running Layup Shot,2PT Field Goal,In The Paint (Non-RA),Center(C),Less Than 8 ft.,6,-6,62,1,0,20241215,PHX,POR,2240121994,5130,0,1626164|1628420|1628960|1642345|1642346,0,REG,2025,1629057,C,Anchor Big,3.0556637685991035,PF,Roll + Cut Big,-2.1303107514468818
Shot Chart Detail,22401219,118,1628960,Grayson Allen,1610612756,Phoenix Suns,1,1,40,Missed Shot,Fadeaway Jump Shot,2PT Field Goal,In The Paint (Non-RA),Left Side(L),8-16 ft.,12,-64,104,1,0,20241215,PHX,POR,22401219118,6200,0,1626164|1628420|1628960|1642345|1642346,0,REG,2025,1630625|1629057,,,,SG,Movement Shooter,0.3875451811360323
Shot Chart Detail,22401219,124,1642345,Oso Ighodaro,1610612756,Phoenix Suns,1,1,22,Made Shot,Tip Dunk Shot,2PT Field Goal,Restricted Area,Center(C),Less Than 8 ft.,0,0,0,1,1,20241215,PHX,POR,22401219124,6380,0,1626164|1628420|1628960|1642345|1642346,0,REG,2025,1629057,C,Anchor Big,3.0556637685991035,PF,Roll + Cut Big,-2.1303107514468818
Shot Chart Detail,22401219,131,1628960,Grayson Allen,1610612756,Phoenix Suns,1,0,45,Made Shot,Jump Shot,3PT Field Goal,Above the Break 3,Left Side Center(LC),24+ ft.,27,-148,228,1,1,20241215,PHX,POR,22401219131,6750,0,1626164|1628420|1628960|1642345|1642346,1,REG,2025,1629014|1629057,,,,SG,Movement Shooter,0.3875451811360323
Shot Chart Detail,22401219,264,1626220,Royce O'Neale,1610612756,Phoenix Suns,2,3,4,Made Shot,Running Layup Shot,2PT Field Goal,Restricted Area,Center(C),Less Than 8 ft.,2,11,20,1,1,20241215,PHX,POR,22401219264,12560,0,201142|203486|1626145|1626164|1626220,1,REG,2025,1629057,C,Anchor Big,3.0556637685991035,SF,Stationary Shooter,0.0864634046059811
Shot Chart Detail,22401219,370,1626164,Devin Booker,1610612756,Phoenix Suns,3,6,49,Missed Shot,Pullup Jump shot,3PT Field Goal,Above the Break 3,Center(C),24+ ft.,26,-64,253,1,0,20241215,PHX,POR,22401219370,17510,0,201142|203994|1626145|1626164|1626220,0,REG,2025,1629057|1631101,,,,SG,Primary Ball Handler,2.9570400380044504
Shot Chart Detail,22401219,390,201142,Kevin Durant,1610612756,Phoenix Suns,3,5,33,Missed Shot,Pullup Jump shot,2PT Field Goal,Mid-Range,Center(C),8-16 ft.,15,45,153,1,0,20241215,PHX,POR,22401219390,18270,0,201142|203486|1626145|1626164|1626220,0,REG,2025,1629057,C,Anchor Big,3.0556637685991035,PF,Shot Creator,1.701564803574577
Shot Chart Detail,22401219,409,1626145,Tyus Jones,1610612756,Phoenix Suns,3,4,2,Made Shot,Pullup Jump shot,3PT Field Goal,Above the Break 3,Left Side Center(LC),24+ ft.,24,-163,184,1,1,20241215,PHX,POR,22401219409,19180,0,203486|1626145|1626164|1626220|1628960,0,REG,2025,1629057,C,Anchor Big,3.0556637685991035,PG,Primary Ball Handler,1.1065177314819203
Shot Chart Detail,22401219,570,1626145,Tyus Jones,1610612756,Phoenix Suns,4,5,57,Made Shot,Pullup Jump shot,2PT Field Goal,Mid-Range,Center(C),8-16 ft.,14,-18,140,1,1,20241215,PHX,POR,22401219570,25230,0,201142|203994|1626145|1626164|1626220,0,REG,2025,1629057,C,Anchor Big,3.0556637685991035,PG,Primary Ball Handler,1.1065177314819203
